Cycle,Battery#4,#4_SOH,Battery#5,#5_SOH,Battery#6,#6_SOH
1,1.0639789,0.967253545,1.0640886999999999,0.967353364,1.0733846000000002,0.9758041820000001
2,1.0679682,0.970880182,1.0672674,0.970243091,1.0766411,0.978764636
3,1.0691004,0.971909455,1.0688325,0.971665909,1.0789365,0.9808513640000001
4,1.0696261999999999,0.972387455,1.0697515,0.9725013640000001,1.0798079,0.981643545
5,1.0712153999999998,0.973832182,1.0698761,0.972614636,1.079951,0.9817736359999999
6,1.0707663,0.9734239090000001,1.070374,0.973067273,1.0807364,0.9824876359999999
7,1.0707738000000002,0.973430727,1.0706325,0.9733022729999999,1.0809997,0.982727
8,1.0710950000000001,0.9737227270000001,1.0705343,0.9732129999999999,1.0806683000000001,0.9824257270000001
9,1.0709443,0.973585727,1.0709518,0.973592545,1.0813093999999999,0.983008545
10,1.0710604,0.973691273,1.0712485,0.973862273,1.0814238,0.983112545
11,1.0713583999999998,0.9739621820000001,1.0710331,0.973666455,1.0813167,0.983015182
12,1.0712141000000002,0.973831,1.0712363999999999,0.973851273,1.0817633999999998,0.9834212729999999
13,1.0713692,0.973972,1.0713369,0.973942636,1.0819823,0.983620273
14,1.0718961999999999,0.9744510909999999,1.0714058000000002,0.974005273,1.0818508,0.983500727
15,1.071841,0.9744009090000001,1.0716377000000001,0.974216091,1.0821421,0.983765545
16,1.0715246999999999,0.974113364,1.0716072,0.9741883640000001,1.082031,0.983664545
17,1.0720402,0.974582,1.0716735000000002,0.9742486359999999,1.0821618999999998,0.983783545
18,1.0720887,0.974626091,1.0718265,0.974387727,1.0823764,0.983978545
19,1.0722002,0.974727455,1.0719858,0.974532545,1.0817807,0.9834370000000001
20,1.0723301,0.974845545,1.071927,0.974479091,1.0823167999999999,0.983924364
21,1.0723156,0.9748323640000001,1.071977,0.974524545,1.0823691,0.9839719090000001
22,1.0726935,0.9751759090000001,1.0718054,0.974368545,1.081831,0.9834827270000001
23,1.0724049999999998,0.9749136359999999,1.0719068,0.9744607270000001,1.0821751,0.983795545
24,1.0724416,0.974946909,1.0719771,0.9745246359999999,1.0823056999999998,0.983914273
25,1.0729171999999998,0.9753792729999999,1.0716343000000002,0.9742129999999999,1.0818207,0.9834733640000001
26,1.0726565000000001,0.975142273,1.0720184,0.974562182,1.0823706,0.9839732729999999
27,1.0729313,0.9753920909999999,1.0720907,0.9746279090000001,1.0825263,0.984114818
28,1.0730788,0.9755261820000001,1.0717306,0.974300545,1.0819838,0.983621636
29,1.0727284,0.9752076359999999,1.071992,0.974538182,1.0823770000000001,0.9839790909999999
30,1.0726992,0.9751810909999999,1.0720288999999998,0.974571727,1.0822916999999999,0.983901545
31,1.0725735,0.975066818,1.0716763999999999,0.9742512729999999,1.0820007,0.9836370000000001
32,1.0726168,0.975106182,1.0718075,0.974370455,1.0824690000000001,0.9840627270000001
33,1.0721896999999998,0.9747179090000001,1.0716921999999998,0.9742656359999999,1.0824492000000001,0.984044727
34,1.0725096,0.9750087270000001,1.071767,0.9743336359999999,1.0824075,0.984006818
35,1.0720521,0.974592818,1.0716639,0.974239909,1.0825063,0.984096636
36,1.0721742,0.9747038179999999,1.0718027,0.9743660909999999,1.0822048,0.983822545
37,1.0726833,0.975166636,1.0717899,0.974354455,1.0824207000000001,0.984018818
38,1.0726868,0.975169818,1.07188,0.9744363640000001,1.0823848,0.983986182
39,1.0733851,0.9758046359999999,1.0721645,0.9746950000000001,1.0819417,0.983583364
40,1.0732021,0.975638273,1.0719416000000002,0.974492364,1.0821595,0.983781364
41,1.0734261,0.975841909,1.0719968999999998,0.9745426359999999,1.0823578999999999,0.9839617270000001
42,1.0732435,0.975675909,1.0714833000000001,0.974075727,1.0815948999999998,0.9832680909999999
43,1.0730845,0.9755313640000001,1.0717818000000001,0.9743470909999999,1.0820994,0.9837267270000001
44,1.072794,0.9752672729999999,1.0716355,0.9742140909999999,1.0820423000000001,0.983674818
45,1.0731082,0.975552909,1.0712587,0.973871545,1.0814413999999999,0.983128545
46,1.0728576,0.975325091,1.0715583999999998,0.974144,1.0818782,0.983525636
47,1.0729516000000001,0.975410545,1.0717179,0.974289,1.0817398,0.983399818
48,1.0729783000000002,0.975434818,1.0712625,0.973875,1.0812042,0.9829129090000001
49,1.0726583,0.975143909,1.0713923,0.973993,1.0816213,0.9832920909999999
50,1.0725901000000002,0.975081909,1.0713978000000002,0.9739979999999999,1.0816609,0.983328091
51,1.0729892,0.9754447270000001,1.0712626,0.9738750909999999,1.0814126,0.9831023640000001
52,1.0729107,0.9753733640000001,1.0713413,0.973946636,1.0817493,0.983408455
53,1.0723068999999998,0.974824455,1.0711986999999998,0.973817,1.0816536,0.983321455
54,1.0727061000000002,0.9751873640000001,1.0711303,0.973754818,1.0812764,0.982978545
55,1.0726288999999998,0.9751171820000001,1.0711431999999999,0.973766545,1.081344,0.9830399999999999
56,1.0726966999999998,0.975178818,1.0710493,0.973681182,1.0812129,0.982920818
57,1.0723483999999999,0.9748621820000001,1.0709598999999999,0.973599909,1.0811806000000002,0.982891455
58,1.0717943,0.974358455,1.0708671,0.973515545,1.0812596,0.982963273
59,1.0727767,0.975251545,1.0710877,0.9737160909999999,1.0807669,0.9825153640000001
60,1.0723987,0.974907909,1.0708458,0.973496182,1.0810899999999999,0.9828090909999999
61,1.0724280000000002,0.974934545,1.0708305,0.973482273,1.0810708,0.982791636
62,1.0725833999999999,0.975075818,1.0704795,0.9731631820000001,1.0804445,0.982222273
63,1.072397,0.9749063640000001,1.0706227,0.9732933640000001,1.0808207,0.9825642729999999
64,1.0720383,0.9745802729999999,1.0705568,0.973233455,1.0808643999999998,0.982604
65,1.0728218999999999,0.9752926359999999,1.0703062,0.9730056359999999,1.080199,0.9819990909999999
66,1.0725664,0.9750603640000001,1.0706053,0.973277545,1.0806749,0.982431727
67,1.0726122999999999,0.9751020909999999,1.0705417,0.973219727,1.0807055,0.982459545
68,1.0726277,0.975116091,1.0701832,0.972893818,1.0801034,0.9819121820000001
69,1.0723283000000001,0.9748439090000001,1.0702909,0.972991727,1.0804672,0.9822429090000001
70,1.0722673999999999,0.974788545,1.0702658,0.9729689090000001,1.080282,0.982074545
71,1.0724331,0.9749391820000001,1.0700181999999998,0.972743818,1.0798868000000001,0.9817152729999999
72,1.0722408,0.9747643640000001,1.0701123,0.9728293640000001,1.0801293,0.981935727
73,1.0721842,0.9747129090000001,1.0700556,0.972777818,1.0800828000000002,0.981893455
74,1.0722828000000002,0.974802545,1.0699643,0.972694818,1.079933,0.9817572729999999
75,1.0723508999999998,0.974864455,1.0699796999999998,0.972708818,1.0801028999999998,0.9819117270000001
76,1.0721303999999998,0.974664,1.069844,0.972585455,1.0798789,0.9817080909999999
77,1.0722709,0.974791727,1.0698409,0.972582636,1.0797811000000002,0.981619182
78,1.0718652,0.9744229090000001,1.0696278000000001,0.9723889090000001,1.0798219,0.981656273
79,1.0719026000000003,0.974456909,1.0695888999999998,0.972353545,1.0791527,0.981047909
80,1.0717765,0.974342273,1.0695542,0.9723219999999999,1.0794683999999999,0.9813349090000001
81,1.0718631,0.9744209999999999,1.0694866000000003,0.972260545,1.0793121,0.981192818
82,1.0720828000000002,0.974620727,1.0690756000000001,0.9718869090000001,1.0787283,0.9806620909999999
83,1.0716143999999999,0.974194909,1.0692084,0.972007636,1.0789819,0.980892636
84,1.0714153999999998,0.9740139999999999,1.0692024,0.972002182,1.0790625,0.980965909
85,1.0721986000000001,0.974726,1.0689459,0.9717690000000001,1.0785241,0.980476455
86,1.0720749,0.974613545,1.0692471000000001,0.9720428179999999,1.0790191,0.980926455
87,1.0716875,0.9742613640000001,1.0689956,0.971814182,1.0791998,0.981090727
88,1.0717331,0.974302818,1.0686473,0.971497545,1.0784252,0.980386545
89,1.0715588,0.974144364,1.068769,0.971608182,1.0786941,0.9806309999999999
90,1.0715959,0.974178091,1.0688277,0.971661545,1.0785097,0.9804633640000001
91,1.0716558,0.974232545,1.068567,0.971424545,1.0781071000000002,0.980097364
92,1.0717136,0.9742850909999999,1.0687122,0.971556545,1.0782902,0.980263818
93,1.0716895,0.9742631820000001,1.0686334,0.9714849090000001,1.0785232,0.980475636
94,1.0714576,0.9740523640000001,1.0683280000000002,0.971207273,1.0780711,0.9800646359999999
95,1.0713838,0.9739852729999999,1.0682749,0.971159,1.0780545,0.980049545
96,1.0712529,0.973866273,1.0679524,0.9708658179999999,1.0776212,0.9796556359999999
97,1.0710881,0.973716455,1.0679668,0.9708789090000001,1.0777504,0.979773091
98,1.0708939,0.9735399090000001,1.0678301000000001,0.9707546359999999,1.077715,0.9797409090000001
99,1.0712723999999998,0.973884,1.067667,0.9706063640000001,1.0771812,0.979255636
100,1.0710108,0.9736461820000001,1.0676695,0.9706086359999999,1.0773104,0.9793730909999999
101,1.071236,0.973850909,1.0677511999999998,0.9706829090000001,1.077315,0.979377273
102,1.0711667999999999,0.9737879999999999,1.0672203000000002,0.970200273,1.0766592,0.978781091
103,1.0708274,0.973479455,1.0673386999999999,0.9703079090000001,1.0769571000000002,0.979051909
104,1.0706651000000003,0.9733319090000001,1.0671808,0.9701643640000001,1.0769467,0.979042455
105,1.0707211,0.9733828179999999,1.0667953000000001,0.9698139090000001,1.0762323999999999,0.9783930909999999
106,1.0704178,0.9731070909999999,1.0669585,0.9699622729999999,1.0764755,0.978614091
107,1.0707779,0.973434455,1.0670145,0.9700131820000001,1.0765777,0.978707
108,1.0705125,0.973193182,1.0665437,0.969585182,1.0759584999999998,0.978144091
109,1.0703021000000001,0.973001909,1.0666729,0.969702636,1.0761296,0.9782996359999999
110,1.0706301,0.9733000909999999,1.0667042,0.969731091,1.0761501,0.978318273
111,1.0708073,0.973461182,1.0665848999999998,0.969622636,1.0758777,0.978070636
112,1.0709313999999999,0.9735739999999999,1.0666983,0.969725727,1.0761982,0.9783620000000001
113,1.0703254999999998,0.973023182,1.066471,0.9695190909999999,1.0761104,0.9782821820000001
114,1.0703566,0.973051455,1.0662185,0.969289545,1.0756696000000001,0.977881455
115,1.0700983999999998,0.972816727,1.0659961000000002,0.9690873640000001,1.0756534,0.977866727
116,1.0710373,0.973670273,1.0662869,0.969351727,1.0757926000000002,0.9779932729999999
117,1.0703532,0.973048364,1.0659146000000002,0.969013273,1.0753419,0.977583545
118,1.0702307,0.972937,1.065796,0.968905455,1.0753479,0.9775889999999999
119,1.0700929,0.9728117270000001,1.0652734,0.968430364,1.0745568,0.976869818
120,1.0698879,0.9726253640000001,1.065405,0.96855,1.0748792,0.977162909
121,1.0698423000000001,0.972583909,1.0652336000000002,0.968394182,1.0748714,0.977155818
122,1.0700406999999998,0.972764273,1.0649389,0.968126273,1.0742227,0.9765660909999999
123,1.0697416000000002,0.972492364,1.0650541,0.968231,1.0745850000000001,0.976895455
124,1.0698091,0.972553727,1.0649587999999999,0.968144364,1.0745187,0.9768351820000001
125,1.0699393,0.972672091,1.0645069,0.967733545,1.0738324,0.976211273
126,1.0695533000000002,0.9723211820000001,1.0645434999999999,0.967766818,1.0741521,0.9765019090000001
127,1.0696132,0.972375636,1.0645947,0.9678133640000001,1.0742418,0.976583455
128,1.0692805,0.972073182,1.0641651,0.967422818,1.0734758,0.9758870909999999
129,1.0691401000000003,0.971945545,1.0641587,0.967417,1.0736647,0.9760588179999999
130,1.0690688999999998,0.9718808179999999,1.0640317,0.967301545,1.0735036,0.975912364
131,1.068933,0.9717572729999999,1.0638391999999999,0.967126545,1.073194,0.975630909
132,1.0691656,0.971968727,1.0636643,0.966967545,1.0734762,0.975887455
133,1.0693485,0.9721350000000001,1.0637169,0.9670153640000001,1.0734298,0.975845273
134,1.068858,0.9716890909999999,1.0635579,0.966870818,1.0729213,0.975383
135,1.0690619,0.971874455,1.0633572,0.966688364,1.0731066,0.975551455
136,1.0694317,0.9722106359999999,1.0634048999999999,0.966731727,1.0728706000000001,0.975336909
137,1.0690466,0.971860545,1.0631663,0.9665148179999999,1.0726271,0.975115545
138,1.0689241000000003,0.971749182,1.0631438,0.9664943640000001,1.0726668,0.975151636
139,1.0686972,0.9715429090000001,1.0626109,0.966009909,1.0719538,0.974503455
140,1.0686805,0.971527727,1.0627773,0.966161182,1.0722525,0.974775
141,1.0684272,0.971297455,1.0626109,0.966009909,1.0720978,0.974634364
142,1.0687095,0.9715540909999999,1.0620526000000001,0.9655023640000001,1.0713916,0.9739923640000001
143,1.0683241,0.971203727,1.0621352,0.965577455,1.0716013999999998,0.9741830909999999
144,1.0682242,0.971112909,1.0620569,0.9655062729999999,1.071677,0.9742518179999999
145,1.0682452,0.971132,1.0616086,0.965098727,1.0709146,0.973558727
146,1.0680120000000002,0.9709200000000001,1.0616575000000001,0.965143182,1.0713518,0.973956182
147,1.0681987,0.9710897270000001,1.0615833000000001,0.965075727,1.0713591999999998,0.973962909
148,1.0678976,0.970816,1.0612215,0.964746818,1.0705295,0.973208636
149,1.0679477,0.970861545,1.0612686000000002,0.9647896359999999,1.0709269,0.9735699090000001
150,1.0676321000000002,0.9705746359999999,1.0611731000000002,0.964702818,1.0705861,0.973260091
151,1.0674287,0.970389727,1.0608616000000002,0.9644196359999999,1.0701778,0.972888909
152,1.0673118000000001,0.970283455,1.060624,0.9642036359999999,1.0703568,0.9730516359999999
153,1.0674689,0.970426273,1.0605917999999999,0.964174364,1.0702334999999998,0.972939545
154,1.0671213,0.970110273,1.0603633999999997,0.9639667270000001,1.0697703,0.972518455
155,1.067194,0.9701763640000001,1.0602151000000002,0.963831909,1.0698792,0.972617455
156,1.0668756000000001,0.9698869090000001,1.0598413,0.963492091,1.069499,0.972271818
157,1.0670145,0.9700131820000001,1.0599782,0.963616545,1.0694056,0.972186909
158,1.0670123,0.970011182,1.0599468,0.9635879999999999,1.0693711000000001,0.972155545
159,1.0668658000000002,0.969878,1.0595795,0.9632540909999999,1.0689098999999997,0.971736273
160,1.0667413000000001,0.9697648179999999,1.0595591,0.963235545,1.0688928,0.971720727
161,1.066517,0.969560909,1.0594832,0.963166545,1.0688077,0.9716433640000001
162,1.0668045,0.969822273,1.0588852,0.962622909,1.0681043,0.9710039090000001
163,1.0665692,0.9696083640000001,1.0589472,0.962679273,1.0684431,0.9713119090000001
164,1.0665205,0.969564091,1.0588892,0.962626545,1.0682534,0.971139455
165,1.0664003,0.969454818,1.0584462,0.962223818,1.0675385,0.970489545
166,1.0662991000000002,0.969362818,1.0584151000000002,0.962195545,1.0678836999999999,0.9708033640000001
167,1.0657386999999998,0.9688533640000001,1.058525,0.962295455,1.0677714,0.970701273
168,1.0658891000000001,0.9689900909999999,1.0579954,0.961814,1.0670081,0.9700073640000001
169,1.0657181,0.968834636,1.0579201999999999,0.961745636,1.0672553999999999,0.970232182
170,1.0653906000000002,0.9685369090000001,1.0579602,0.961782,1.0671819,0.9701653640000001
171,1.065472,0.968610909,1.0576854,0.961532182,1.0667048000000001,0.9697316359999999
172,1.0653343000000002,0.968485727,1.057597,0.961451818,1.0668436000000001,0.9698578179999999
173,1.065169,0.968335455,1.0571684,0.961062182,1.0668796999999999,0.9698906359999999
174,1.0650507,0.9682279090000001,1.0570823999999999,0.9609840000000001,1.0663011999999998,0.969364727
175,1.0647193000000001,0.967926636,1.0570203,0.960927545,1.0663857,0.969441545
176,1.0648386,0.968035091,1.0564673999999998,0.9604249090000001,1.0663898,0.9694452729999999
177,1.0644972,0.967724727,1.0564982,0.960452909,1.0659,0.9690000000000001
178,1.0646813,0.967892091,1.0563142,0.9602856359999999,1.0657545,0.968867727
179,1.0646323,0.967847545,1.0559309,0.959937182,1.0652286,0.9683896359999999
180,1.0641911,0.967446455,1.055974,0.9599763640000001,1.0651754,0.968341273
181,1.0638566999999999,0.967142455,1.0560741000000002,0.960067364,1.0651895,0.9683540909999999
182,1.0646156,0.9678323640000001,1.0555893,0.959626636,1.0645023999999998,0.967729455
183,1.0641301,0.967391,1.0556555,0.959686818,1.0646905,0.967900455
184,1.064072,0.967338182,1.0555215,0.959565,1.0648319,0.9680290000000001
185,1.064154,0.967412727,1.0551705,0.9592459090000001,1.0640593,0.9673266359999999
186,1.063583,0.9668936359999999,1.0551931,0.959266455,1.0643075,0.967552273
187,1.0637239,0.967021727,1.0549916000000001,0.959083273,1.0643411,0.967582818
188,1.0637851,0.9670773640000001,1.0546423,0.9587657270000001,1.0634629,0.966784455
189,1.0636195,0.966926818,1.0544436000000001,0.9585850909999999,1.0637543,0.9670493640000001
190,1.0635791,0.9668900909999999,1.0542358,0.958396182,1.0635504999999998,0.9668640909999999
191,1.0632985000000001,0.966635,1.0542151000000002,0.9583773640000001,1.063048,0.966407273
192,1.0631728,0.966520727,1.0539839,0.9581671820000001,1.0631481000000003,0.966498273
193,1.0633153999999998,0.966650364,1.0533133999999997,0.957557636,1.0628591,0.966235545
194,1.0628459,0.966223545,1.0533514,0.9575921820000001,1.0624921,0.9659019090000001
195,1.062905,0.966277273,1.0532017,0.957456091,1.0624473,0.965861182
196,1.062592,0.965992727,1.0526962,0.956996545,1.0621053,0.965550273
197,1.0625584,0.9659621820000001,1.0528677,0.957152455,1.0619507,0.965409727
198,1.0625316999999999,0.9659379090000001,1.0527658000000002,0.957059818,1.0618196000000002,0.965290545
199,1.0624796,0.965890545,1.0521193000000002,0.956472091,1.0611607,0.964691545
200,1.0620254,0.9654776359999999,1.0521969,0.9565426359999999,1.0611447,0.964677
201,1.0621055,0.965550455,1.0519586,0.956326,1.0609861999999999,0.9645329090000001
202,1.0621481000000002,0.965589182,1.0516161,0.9560146359999999,1.0604056999999998,0.9640051820000001
203,1.0618643,0.965331182,1.0515754,0.955977636,1.0604749,0.9640680909999999
204,1.0617683999999998,0.9652440000000001,1.0512846000000002,0.955713273,1.0602843000000002,0.963894818
205,1.061757,0.9652336359999999,1.051116,0.9555600000000001,1.0597448,0.9634043640000001
206,1.0614997,0.964999727,1.0509938,0.955448909,1.059958,0.963598182
207,1.0614350000000001,0.9649409090000001,1.0508401000000003,0.955309182,1.0599228,0.963566182
208,1.061388,0.964898182,1.050555,0.95505,1.0591367,0.962851545
209,1.0612344,0.964758545,1.0503201000000002,0.954836455,1.0593166,0.9630150909999999
210,1.0608997,0.964454273,1.0499197,0.954472455,1.0591567,0.9628697270000001
211,1.0606421,0.964220091,1.0498707,0.9544279090000001,1.0586692,0.962426545
212,1.0606383,0.964216636,1.049759,0.954326364,1.0588108999999999,0.9625553640000001
213,1.0609665000000001,0.964515,1.0491985000000001,0.953816818,1.058549,0.9623172729999999
214,1.0605398000000001,0.9641270909999999,1.0493063999999999,0.9539149090000001,1.0581152,0.9619229090000001
215,1.0603398000000002,0.963945273,1.0489448000000001,0.953586182,1.0579729,0.961793545
216,1.0596888,0.963353455,1.0484749,0.953159,1.0579391000000002,0.961762818
217,1.0596359,0.9633053640000001,1.0484719999999998,0.953156364,1.0574496,0.9613178179999999
218,1.0592999,0.9629999090000001,1.0482943,0.952994818,1.0572752,0.9611592729999999
219,1.059517,0.963197273,1.0479406,0.9526732729999999,1.0568544,0.960776727
220,1.0593406,0.963036909,1.0478853000000001,0.952623,1.0567037000000001,0.960639727
221,1.059026,0.962750909,1.0476286,0.9523896359999999,1.0567321,0.960665545
222,1.0596163,0.963287545,1.0474033,0.952184818,1.0559981999999999,0.959998364
223,1.0590372,0.962761091,1.047192,0.951992727,1.0561346999999999,0.960122455
224,1.0586013,0.962364818,1.0468894,0.9517176359999999,1.0559831,0.959984636
225,1.0585697,0.962336091,1.0466299000000001,0.951481727,1.0553426000000001,0.959402364
226,1.058301,0.962091818,1.0465624,0.9514203640000001,1.0554047,0.959458818
227,1.0583472,0.962133818,1.0463613,0.951237545,1.0552003,0.9592729999999999
228,1.0582200000000002,0.962018182,1.0461127000000001,0.951011545,1.0545036,0.9586396359999999
229,1.0580943,0.9619039090000001,1.0459756,0.9508869090000001,1.0546507,0.958773364
230,1.0575746000000001,0.961431455,1.0455128,0.950466182,1.0544788,0.9586170909999999
231,1.0578896999999998,0.9617179090000001,1.0455256,0.950477818,1.0540022,0.958183818
232,1.0577825,0.961620455,1.0453086999999999,0.9502806359999999,1.0540673,0.9582430000000001
233,1.0575742,0.9614310909999999,1.044819,0.949835455,1.0538604999999999,0.9580549999999999
234,1.0573733,0.961248455,1.0448076,0.9498250909999999,1.0534382,0.9576710909999999
235,1.0568825000000002,0.960802273,1.0444908000000002,0.9495370909999999,1.0533258,0.957568909
236,1.057476,0.961341818,1.0441234000000001,0.9492030909999999,1.0531928999999998,0.957448091
237,1.0570941999999999,0.960994727,1.0441569,0.949233545,1.0528701999999999,0.957154727
238,1.0571423999999998,0.961038545,1.0441559999999999,0.949232727,1.0527129,0.957011727
239,1.0566723,0.9606111820000001,1.0435088,0.9486443640000001,1.0519456,0.9563141820000001
240,1.0563453,0.960313909,1.0433860000000001,0.948532727,1.0519016,0.956274182
241,1.0559862,0.959987455,1.0431129000000001,0.948284455,1.0517994,0.956181273
242,1.056414,0.960376364,1.0428231,0.9480209999999999,1.051177,0.955615455
243,1.0559999,0.9599999090000001,1.0427803,0.947982091,1.0513469,0.955769909
244,1.0560883,0.960080273,1.0427562,0.947960182,1.0512531,0.955684636
245,1.0558676000000002,0.9598796359999999,1.042308,0.947552727,1.050409,0.954917273
246,1.0553757,0.959432455,1.0420266,0.9472969090000001,1.0504326000000002,0.954938727
247,1.0552578000000001,0.9593252729999999,1.0418574,0.9471430909999999,1.0502483999999999,0.954771273
248,1.0550666000000002,0.959151455,1.0465521,0.951411,1.0428754,0.948068545
249,1.0514888,0.9558989090000001,1.0435326999999999,0.948666091,1.0454004000000001,0.950364
250,1.0536292999999999,0.957844818,1.0425497,0.947772455,1.0481369,0.952851727
251,1.0546514,0.958774,1.0419223,0.947202091,1.048187,0.9528972729999999
252,1.0547738000000002,0.9588852729999999,1.0416874,0.946988545,1.0487739,0.953430818
253,1.0544267,0.958569727,1.0412617,0.946601545,1.0487349,0.953395364
254,1.0546701,0.958791,1.0410072,0.946370182,1.0483061,0.953005545
255,1.0543928999999999,0.9585389999999999,1.0409081,0.946280091,1.0485461999999999,0.953223818
256,1.0538521,0.958047364,1.0402285,0.9456622729999999,1.0483165,0.953015
257,1.0541383,0.958307545,1.0403413000000001,0.945764818,1.0479020000000001,0.9526381820000001
258,1.0538656000000002,0.958059636,1.0401503,0.945591182,1.0479294,0.9526630909999999
259,1.053758,0.957961818,1.0396627,0.945147909,1.0478079,0.952552636
260,1.0538442,0.9580401820000001,1.0397491,0.945226455,1.0474347,0.952213364
261,1.0535046000000001,0.957731455,1.0396912,0.945173818,1.0473686,0.952153273
262,1.0532068,0.9574607270000001,1.039077,0.944615455,1.0469056,0.951732364
263,1.0531149,0.957377182,1.0389793,0.944526636,1.0467795,0.951617727
264,1.0528555,0.957141364,1.0389663,0.9445148179999999,1.0466261000000001,0.951478273
265,1.0527813,0.9570739090000001,1.0384176999999999,0.944016091,1.0460806,0.950982364
266,1.0524726999999998,0.956793364,1.038451,0.9440463640000001,1.0460123,0.9509202729999999
267,1.0520726,0.956429636,1.0382055000000001,0.943823182,1.045777,0.9507063640000001
268,1.0524919,0.956810818,1.0377679,0.9434253640000001,1.0451229,0.950111727
269,1.0519524,0.9563203640000001,1.0377524999999999,0.943411364,1.0452702,0.9502456359999999
270,1.0517681,0.956152818,1.0375366,0.9432150909999999,1.0451193,0.950108455
271,1.0520448999999998,0.956404455,1.0372006,0.942909636,1.0444385,0.949489545
272,1.0518501,0.9562273640000001,1.0370651,0.942786455,1.0446198,0.949654364
273,1.0515378,0.955943455,1.0365208000000001,0.942291636,1.0443495999999999,0.949408727
274,1.0514666000000001,0.955878727,1.0363882,0.942171091,1.0436999,0.9488180909999999
275,1.0511414,0.9555830909999999,1.0362165,0.9420149999999999,1.0438392,0.948944727
276,1.0508271,0.9552973640000001,1.0357828000000002,0.941620727,1.0435492,0.948681091
277,1.0507082,0.955189273,1.0357649,0.941604455,1.0430754,0.9482503640000001
278,1.0504997,0.954999727,1.0356846,0.941531455,1.0428786,0.948071455
279,1.0505401,0.955036455,1.0350181,0.940925545,1.0424681999999998,0.9476983640000001
280,1.050254,0.9547763640000001,1.0349108,0.9408280000000001,1.0422226,0.9474750909999999
281,1.0501051000000001,0.954641,1.0346725,0.940611364,1.0420527,0.9473206359999999
282,1.0500219,0.954565364,1.0342643,0.940240273,1.041319,0.946653636
283,1.0496792,0.954253818,1.0342226,0.940202364,1.0413485,0.946680455
284,1.0496801000000002,0.9542546359999999,1.0339836,0.9399850909999999,1.041101,0.946455455
285,1.0498875,0.954443182,1.0335872,0.939624727,1.0403869000000001,0.945806273
286,1.0493411,0.953946455,1.0333029,0.939366273,1.0405163,0.945923909
287,1.0492916,0.953901455,1.0328394,0.938944909,1.0401543,0.945594818
288,1.0490012,0.953637455,1.0325545,0.938685909,1.039548,0.945043636
289,1.0483993,0.9530902729999999,1.0322788,0.938435273,1.0394528,0.9449570909999999
290,1.0481369,0.952851727,1.0317974,0.937997636,1.0391791,0.9447082729999999
291,1.0481694,0.9528812729999999,1.0317881,0.937989182,1.0387385,0.944307727
292,1.047967,0.952697273,1.0315448,0.937768,1.0386294,0.944208545
293,1.0480015999999999,0.952728727,1.0310975,0.937361364,1.0382528,0.943866182
294,1.0476322,0.9523929090000001,1.0309386999999999,0.937217,1.037828,0.9434799999999999
295,1.0474478999999999,0.952225364,1.0307444,0.937040364,1.0377347,0.943395182
296,1.0475343000000001,0.9523039090000001,1.0301616,0.936510545,1.0369982,0.9427256359999999
297,1.047044,0.951858182,1.0300167,0.936378818,1.0369065999999998,0.942642364
298,1.0470707000000001,0.951882455,1.0298805,0.936255,1.0366925,0.942447727
299,1.046964,0.951785455,1.0293771,0.935797364,1.0358611,0.9416919090000001
300,1.0465293,0.951390273,1.0291394,0.9355812729999999,1.035935,0.941759091
301,1.0465035,0.951366818,1.0289443999999999,0.9354040000000001,1.0357085,0.941553182
302,1.0463033000000002,0.951184818,1.0285385,0.9350350000000001,1.0347923,0.9407202729999999
303,1.0460821,0.950983727,1.0281504000000001,0.9346821820000001,1.0349264999999999,0.940842273
304,1.0459293,0.950844818,1.0276097,0.934190636,1.0346254000000001,0.940568545
305,1.0450553,0.950050273,1.0273278000000001,0.9339343640000001,1.0340976,0.940088727
306,1.0450968,0.9500879999999999,1.0270082,0.933643818,1.0339346,0.939940545
307,1.0451242,0.950112909,1.0265418,0.933219818,1.0335360999999998,0.939578273
308,1.0448916,0.949901455,1.0264102,0.933100182,1.0329928,0.9390843640000001
309,1.0446609,0.949691727,1.0260556,0.9327778179999999,1.0328799000000002,0.938981727
310,1.0446378,0.949670727,1.0255543,0.932322091,1.0323459000000001,0.9384962729999999
311,1.0439382,0.949034727,1.0254040999999998,0.932185545,1.0317434,0.937948545
312,1.04357,0.9487,1.0249211,0.931746455,1.0315671999999998,0.9377883640000001
313,1.0436313,0.948755727,1.0245279,0.9313889999999999,1.0306896,0.936990545
314,1.0431945,0.9483586359999999,1.024176,0.9310690909999999,1.030486,0.936805455
315,1.0433145000000001,0.948467727,1.0238256,0.930750545,1.0305817,0.936892455
316,1.0430671999999999,0.9482429090000001,1.0235436,0.930494182,1.0296491,0.936044636
317,1.0426171,0.947833727,1.0231745,0.9301586359999999,1.0297306,0.936118727
318,1.0426757,0.947887,1.0227621,0.929783727,1.0295827,0.935984273
319,1.0426351,0.947850091,1.0224829,0.9295299090000001,1.0286152,0.935104727
320,1.0420360999999998,0.947305545,1.0221523000000001,0.9292293640000001,1.0285323,0.935029364
321,1.0419266,0.947206,1.0215126,0.928647818,1.0281893,0.934717545
322,1.0416120999999998,0.946920091,1.0214698,0.928608909,1.0275056,0.9340959999999999
323,1.0410131,0.946375545,1.0210385,0.928216818,1.0272311,0.933846455
324,1.040913,0.946284545,1.0203053,0.9275502729999999,1.0268164,0.933469455
325,1.0406889000000001,0.946080818,1.020135,0.927395455,1.0263084,0.9330076359999999
326,1.0404086,0.9458260000000001,1.0196655000000001,0.9269686359999999,1.0260561,0.9327782729999999
327,1.0402801,0.945709182,1.0191816999999999,0.926528818,1.025084,0.931894545
328,1.0396986,0.945180545,1.018965,0.926331818,1.0250270000000001,0.931842727
329,1.0392511999999998,0.9447738179999999,1.0185781999999999,0.925980182,1.0245594999999998,0.931417727
330,1.0392649999999999,0.944786364,1.0180954,0.925541273,1.0237225,0.930656818
331,1.0387575999999998,0.944325091,1.0177975000000001,0.925270455,1.0237013000000001,0.930637545
332,1.0386413,0.9442193640000001,1.017091,0.9246281820000001,1.0232894000000001,0.9302630909999999
333,1.0384638000000002,0.944058,1.016736,0.924305455,1.0224998,0.929545273
334,1.0376858,0.943350727,1.0163845999999999,0.9239860000000001,1.022342,0.929401818
335,1.0369757,0.942705182,1.0156009,0.923273545,1.0217052,0.9288229090000001
336,1.0373514000000001,0.943046727,1.0153131,0.9230119090000001,1.0210599,0.928236273
337,1.0365369,0.9423062729999999,1.0148958000000001,0.922632545,1.0207943000000002,0.9279948179999999
338,1.0360605999999999,0.941873273,1.0142508,0.922046182,1.0202198,0.927472545
339,1.0361897,0.941990636,1.0140225,0.9218386359999999,1.0195656,0.926877818
340,1.0358055,0.9416413640000001,1.0127884,0.9207167270000001,1.0192437,0.9265851820000001
341,1.0354908999999999,0.9413553640000001,1.0129763,0.920887545,1.0185033000000001,0.9259120909999999
342,1.0354984,0.941362182,1.0127336999999998,0.920667,1.0184256,0.925841455
343,1.0348996,0.940817818,1.0121702,0.920154727,1.0180808000000001,0.925528
344,1.0344797,0.9404360909999999,1.0116792,0.9197083640000001,1.0169765,0.924524091
345,1.0344465,0.9404059090000001,1.0112315,0.9193013640000001,1.0168822,0.924438364
346,1.0339649,0.9399680909999999,1.0105541,0.918685545,1.0165826999999998,0.9241660909999999
347,1.0335370000000002,0.9395790909999999,1.0102412,0.9184010909999999,1.015512,0.923192727
348,1.0334386,0.9394896359999999,1.0097690000000001,0.9179718179999999,1.015167,0.922879091
349,1.0329051,0.939004636,1.0090265999999999,0.917296909,1.0149689,0.9226989999999999
350,1.0328013,0.938910273,1.0088198,0.9171089090000001,1.0139247999999998,0.921749818
351,1.0324444,0.938585818,1.0083386,0.916671455,1.0138228999999999,0.921657182
352,1.0320494,0.938226727,1.0074545,0.9158677270000001,1.0128684000000001,0.920789455
353,1.0317478999999998,0.9379526359999999,1.0072912,0.915719273,1.0125122,0.920465636
354,1.0312548000000001,0.937504364,1.0068405,0.915309545,1.0121574,0.9201430909999999
355,1.0310744,0.9373403640000001,1.0061165,0.914651364,1.0110103000000001,0.919100273
356,1.0308785,0.937162273,1.0054933000000001,0.914084818,1.0105616,0.9186923640000001
357,1.0296919,0.936083545,1.0046121,0.913283727,1.0101759,0.918341727
358,1.029892,0.936265455,1.0043895,0.9130813640000001,1.0094421999999998,0.9176747270000001
359,1.029146,0.935587273,1.0039653,0.912695727,1.0091863,0.917442091
360,1.0289453000000002,0.935404818,1.0032601,0.9120546359999999,1.0085427,0.9168569999999999
361,1.028571,0.935064545,1.0027573,0.911597545,1.007779,0.916162727
362,1.0280683000000002,0.934607545,1.0023978,0.911270727,1.0070193,0.9154720909999999
363,1.0278417,0.934401545,1.0013494,0.9103176359999999,1.0068533000000002,0.915321182
364,1.0273659,0.933969,1.0010775,0.910070455,1.0060303,0.914573
365,1.0269281,0.9335709999999999,1.0006361,0.909669182,1.0054256,0.914023273
366,1.0266345,0.9333040909999999,0.99948704,0.9086245820000001,1.0051360999999999,0.9137600909999999
367,1.0264013,0.9330920909999999,0.99925601,0.908414555,1.0040122,0.9127383640000001
368,1.0258594,0.932599455,0.99843037,0.907663973,1.0026453000000002,0.911495727
369,1.0257158000000002,0.932468909,0.99793905,0.9072173179999999,1.0023999,0.911272636
370,1.0246357,0.9314870000000001,0.99669087,0.906082609,1.0016383,0.910580273
371,1.0244433000000002,0.9313120909999999,0.99643612,0.905851018,1.0009941999999998,0.9099947270000001
372,1.0243318000000001,0.9312107270000001,0.99556613,0.905060118,1.0005261,0.909569182
373,1.0235151,0.930468273,0.99504584,0.904587127,0.99929082,0.9084462
374,1.0228690999999999,0.929881,0.99387819,0.903525627,0.99972034,0.9088366729999999
375,1.022329,0.9293899999999999,0.99399424,0.903631127,0.99851859,0.907744173
376,1.0219097,0.929008818,0.99344897,0.903135427,0.99819112,0.9074464729999999
377,1.0214148,0.928558909,0.99260432,0.9023675640000001,0.99763221,0.906938373
378,1.0211290000000002,0.928299091,0.99213821,0.901943827,0.99667668,0.9060697090000001
379,1.0205688,0.9277898179999999,0.99117088,0.901064436,0.99649942,0.9059085640000001
380,1.0198609,0.927146273,0.99028182,0.9002562,0.99599713,0.905451936
381,1.0200508,0.927318909,0.98956364,0.8996033090000001,0.9949742,0.9045219999999999
382,1.0192397,0.926581545,0.98851538,0.898650345,0.99405211,0.903683736
383,1.0185145,0.925922273,0.98792648,0.8981149820000001,0.99360323,0.903275664
384,1.0179117,0.925374273,0.98766387,0.897876245,0.99202979,0.9018452640000001
385,1.0172822,0.924802,0.98610514,0.896459218,0.99150246,0.9013658729999999
386,1.0167055,0.924277727,0.98602867,0.8963897,0.99035937,0.9003267
387,1.0159482,0.9235892729999999,0.98457623,0.8950693000000001,0.99050754,0.9004614
388,1.015095,0.922813636,0.98379809,0.8943619,0.98864323,0.898766573
389,1.0148598,0.922599818,0.98317164,0.8937924,0.98902261,0.8991114640000001
390,1.0145224,0.9222930909999999,0.98257965,0.893254227,0.98832148,0.8984740729999999
391,1.0139415,0.921765,0.98177648,0.8925240729999999,0.9877524999999999,0.8979568179999999
392,1.0136591,0.9215082729999999,0.98118794,0.8919890359999999,0.98613316,0.896484691
393,1.0128208,0.920746182,0.98000747,0.890915882,0.98573554,0.8961232179999999
394,1.0121985999999998,0.920180545,0.97862637,0.8896603359999999,0.98521197,0.895647245
395,1.0117795,0.919799545,0.97853857,0.8895805179999999,0.98374134,0.8943103090000001
396,1.0111474,0.9192249090000001,0.97738916,0.8885356,0.98306042,0.8936912909999999
397,1.0105624,0.918693091,0.97642887,0.887662609,0.98245627,0.8931420640000001
398,1.0097114,0.917919455,0.97564602,0.886950927,0.98116392,0.8919671999999998
399,1.0090006999999999,0.917273364,0.9744693000000001,0.885881182,0.98024929,0.891135718
400,1.0083181,0.916652818,0.97361749,0.885106809,0.9800818000000001,0.890983455
401,1.0077469000000001,0.916133545,0.97258323,0.884166573,0.97862959,0.8896632640000001
402,1.0071732,0.9156120000000001,0.9718619000000001,0.883510818,0.9776414000000001,0.888764909
403,1.0068879000000002,0.9153526359999999,0.97051036,0.882282145,0.97733873,0.888489755
404,1.0058972,0.914452,0.96923703,0.881124573,0.97588742,0.887170382
405,1.0046796,0.9133450909999999,0.96852541,0.880477645,0.9752514999999999,0.886592273
406,1.004205,0.912913636,0.9666300999999999,0.8787546359999999,0.97411728,0.8855611640000001
407,1.0028108,0.911646182,0.96642959,0.878572355,0.9731042999999999,0.8846402729999999
408,1.0025901,0.911445545,0.96469402,0.8769945640000001,0.97215283,0.8837753
409,1.0022535,0.911139545,0.96391237,0.8762839729999999,0.97078234,0.8825294
410,1.0011866,0.9101696359999999,0.96243989,0.874945355,0.97001553,0.8818323
411,1.0004636,0.909512364,0.96124381,0.8738580090000001,0.96919817,0.881089245
412,0.9996739,0.908794455,0.96038765,0.8730796820000001,0.96785337,0.8798667
413,0.99878889,0.9079898999999999,0.95921886,0.872017145,0.96702063,0.879109664
414,0.99792725,0.9072065909999999,0.95817113,0.871064664,0.96651703,0.878651845
415,0.99703926,0.906399327,0.95685679,0.8698698090000001,0.96491951,0.877199555
416,0.99573863,0.905216936,0.95525992,0.868418109,0.96415067,0.876500609
417,0.99566144,0.905146764,0.95386845,0.867153136,0.96326405,0.8756945909999999
418,0.99462587,0.904205336,0.95296228,0.866329345,0.96180415,0.8743674090000001
419,0.99405819,0.903689264,0.95131326,0.864830236,0.9610851999999999,0.8737138179999999
420,0.99324167,0.9029469729999999,0.9503414000000001,0.8639467270000001,0.95976979,0.8725179909999999
421,0.9919219000000001,0.901747182,0.94905502,0.8627772909999999,0.958498,0.871361818
422,0.99112725,0.901024773,0.9473725000000001,0.8612477270000001,0.95777422,0.8707038359999999
423,0.98974425,0.8997674999999999,0.94607264,0.860066036,0.95579731,0.868906645
424,0.98869336,0.898812145,0.9449540999999999,0.859049182,0.95495933,0.868144845
425,0.98746175,0.8976924999999999,0.94322228,0.8574748,0.95403159,0.867301445
426,0.98661882,0.8969261999999999,0.9417360999999999,0.8561237270000001,0.9522993000000001,0.865726636
427,0.9859677,0.896334273,0.94095051,0.855409555,0.95090258,0.8644568909999999
428,0.98499578,0.895450709,0.93892896,0.8535717820000001,0.94975156,0.863410509
429,0.98394102,0.8944918359999999,0.93740886,0.8521898729999999,0.94867122,0.862428382
430,0.98265183,0.893319845,0.93591267,0.8508296999999999,0.94730264,0.861184218
431,0.98139185,0.8921744090000001,0.93379241,0.848902191,0.94618511,0.8601682820000001
432,0.98020226,0.891092964,0.93216324,0.847421127,0.94418418,0.858349255
433,0.97923058,0.890209618,0.93048954,0.845899582,0.94303441,0.857304009
434,0.97841597,0.889469064,0.92867184,0.844247127,0.94160765,0.856006955
435,0.97672021,0.8879274640000001,0.92715412,0.842867382,0.9401598,0.854690727
436,0.97553855,0.886853227,0.92578316,0.841621055,0.93870717,0.853370155
437,0.97372043,0.8852003909999999,0.92371178,0.839737982,0.93746769,0.852243355
438,0.97282338,0.884384891,0.92223072,0.838391564,0.93569207,0.850629155
439,0.97189236,0.8835385090000001,0.92031306,0.8366482359999999,0.93442011,0.849472827
440,0.97085655,0.882596864,0.91796917,0.834517427,0.93279529,0.847995718
441,0.96929187,0.881174427,0.91657317,0.8332483359999999,0.93090045,0.846273136
442,0.96793026,0.8799366,0.91467285,0.8315207729999999,0.93004686,0.845497145
443,0.96699083,0.8790825729999999,0.91259348,0.829630436,0.92842287,0.8440207909999999
444,0.96517533,0.877432118,0.91134328,0.8284938909999999,0.9264046,0.8421860000000001
445,0.96358973,0.875990664,0.90913671,0.826487918,0.92497456,0.840885964
446,0.96177578,0.874341618,0.90682453,0.824385936,0.92354733,0.839588482
447,0.96006048,0.872782255,0.90559042,0.8232640179999999,0.92151749,0.837743173
448,0.95858723,0.8714429359999999,0.90318888,0.8210808,0.9205515999999999,0.836865091
449,0.95756757,0.8705159729999999,0.90142214,0.819474673,0.91841209,0.834920082
450,0.95584601,0.868950918,0.89987123,0.818064755,0.91667032,0.833336655
451,0.95444131,0.8676739179999999,0.89749545,0.815904955,0.91505343,0.831866755
452,0.95224053,0.8656732090000001,0.89612204,0.8146564000000001,0.91312814,0.830116491
453,0.9509564,0.8645058179999999,0.89411986,0.812836236,0.91171312,0.8288301090000001
454,0.94933689,0.863033536,0.8920126,0.810920545,0.9101215,0.827383182
455,0.94765449,0.8615040820000001,0.89028287,0.809348064,0.90820384,0.825639855
456,0.94603276,0.860029782,0.88815749,0.8074159000000001,0.90678054,0.824345945
457,0.94434536,0.858495782,0.88636982,0.805790745,0.90485632,0.822596655
458,0.94246584,0.856787127,0.88428253,0.803893209,0.90323442,0.8211222
459,0.94088978,0.855354345,0.88255233,0.8023203000000001,0.90089929,0.818999355
460,0.93960488,0.854186255,0.88082498,0.800749982,0.89934027,0.8175820640000001
461,0.93750113,0.852273755,0.8793629999999999,0.7994209090000001,0.89763373,0.816030664
462,0.93613607,0.851032791,0.87743962,0.797672382,0.89550096,0.814091782
463,0.93431824,0.849380218,0.87555265,0.795956955,0.89368486,0.812440782
464,0.93288428,0.848076618,0.87353528,0.794122982,0.89228678,0.8111698
465,0.9312771000000001,0.846615545,0.87119919,0.7919992640000001,0.89043355,0.809485045
466,0.92921132,0.8447375640000001,0.86935931,0.790326645,0.8883937,0.807630636
467,0.92756629,0.8432420820000001,0.86728644,0.7884422179999999,0.88648546,0.805895873
468,0.92590809,0.841734627,0.86532933,0.786663027,0.88470578,0.804277982
469,0.92428213,0.840256482,0.8630507,0.784591545,0.88279861,0.802544191
470,0.92252862,0.838662382,0.8611476999999998,0.782861545,0.88122851,0.801116827
471,0.92040259,0.836729627,0.85915691,0.7810517359999999,0.87943745,0.7994885909999999
472,0.91883069,0.8353006270000001,0.85697389,0.779067173,0.87762666,0.797842418
473,0.91687101,0.8335190999999998,0.85483706,0.7771246,0.87574953,0.796135936
474,0.91528672,0.832078836,0.85274762,0.7752251090000001,0.8737886,0.7943532729999999
475,0.91371167,0.830646973,0.85077244,0.7734294909999999,0.87163156,0.7923923270000001
476,0.91190207,0.829001882,0.84865421,0.771503827,0.86984956,0.790772327
477,0.91027367,0.827521518,0.84670264,0.769729673,0.8678984000000001,0.788998545
478,0.90863371,0.826030645,0.84455615,0.767778318,0.86532837,0.786662155
479,0.90639257,0.823993245,0.84237254,0.765793218,0.86389869,0.785362445
480,0.90495235,0.822683955,0.8405323,0.764120273,0.86206758,0.7836978
481,0.90354097,0.821400882,0.83835781,0.7621434640000001,0.85980964,0.781645127
482,0.90127844,0.8193440359999999,0.83619934,0.7601812179999999,0.85760719,0.7796429
483,0.89956248,0.817784073,0.83414227,0.758311155,0.85583317,0.778030155
484,0.89791471,0.8162861,0.83214098,0.7564918,0.85355437,0.7759585179999999
485,0.89628857,0.8148077909999999,0.82989472,0.754449745,0.85191584,0.774468945
486,0.89422244,0.8129294909999999,0.8281427,0.752857,0.84969056,0.7724459640000001
487,0.89278269,0.811620627,0.82600635,0.7509148640000001,0.84773505,0.770668227
488,0.8912880999999999,0.8102619090000001,,,0.84571046,0.7688276909999999
489,0.88977915,0.8088901359999999,,,0.84327155,0.7666105
490,0.8882606,0.8075096359999999,,,0.84167194,0.7651563090000001
491,0.8862043,0.805640273,,,0.83994484,0.7635862179999999
492,0.88428372,0.803894291,,,0.83789414,0.761721945
493,0.88299197,0.802719973,,,0.83592469,0.759931536
494,0.88142574,0.8012961270000001,,,0.83377194,0.7579744909999999
495,0.87984467,0.7998587909999999,,,0.83177513,0.7561592090000001
496,0.87883472,0.798940655,,,0.82983643,0.754396755
497,0.87682796,0.797116327,,,0.82794315,0.7526755909999999
498,0.87468314,0.7951664909999999,,,0.82580936,0.750735782
499,0.87276053,0.793418664,,,,
500,0.8711614,0.791964909,,,,
501,0.86930674,0.790278855,,,,
502,0.86764956,0.788772327,,,,
503,0.86595601,0.787232736,,,,
504,0.86414719,0.785588355,,,,
505,0.86190838,0.783553073,,,,
506,0.86035889,0.782144445,,,,
507,0.85830879,0.780280718,,,,
508,0.85652542,0.7786594729999999,,,,
509,0.85484415,0.777131045,,,,
510,0.85293823,0.775398391,,,,
511,0.85082257,0.7734750640000001,,,,
512,0.84880245,0.771638591,,,,
513,0.84746855,0.770425955,,,,
514,0.84545279,0.768593445,,,,
515,0.84369159,0.766992355,,,,
516,0.84146297,0.764966336,,,,
517,0.83976328,0.763421164,,,,
518,0.83791125,0.7617375,,,,
519,0.83567911,0.7597082820000001,,,,
520,0.83413386,0.7583035090000001,,,,
521,0.83218533,0.756532118,,,,
522,0.83006704,0.7546064,,,,
523,0.82817328,0.7528848000000001,,,,
524,0.82620329,0.7510939,,,,
525,,,,,,
526,,,,,,
527,,,,,,
528,,,,,,
529,,,,,,
530,,,,,,
531,,,,,,
532,,,,,,
533,,,,,,
534,,,,,,
535,,,,,,
536,,,,,,
537,,,,,,
538,,,,,,
539,,,,,,
540,,,,,,
541,,,,,,
542,,,,,,
543,,,,,,
544,,,,,,
545,,,,,,
546,,,,,,
547,,,,,,
548,,,,,,
549,,,,,,
550,,,,,,
551,,,,,,
552,,,,,,
553,,,,,,
554,,,,,,
555,,,,,,
556,,,,,,
557,,,,,,
558,,,,,,
559,,,,,,
560,,,,,,
561,,,,,,
562,,,,,,
563,,,,,,
564,,,,,,
565,,,,,,
566,,,,,,
567,,,,,,
568,,,,,,
569,,,,,,
570,,,,,,
571,,,,,,
572,,,,,,
573,,,,,,
574,,,,,,
575,,,,,,
576,,,,,,
577,,,,,,
578,,,,,,
579,,,,,,
580,,,,,,
581,,,,,,
582,,,,,,
583,,,,,,
584,,,,,,
585,,,,,,
586,,,,,,
587,,,,,,
588,,,,,,
589,,,,,,
590,,,,,,
591,,,,,,
592,,,,,,
593,,,,,,
594,,,,,,
595,,,,,,
596,,,,,,
597,,,,,,
598,,,,,,
599,,,,,,
600,,,,,,
601,,,,,,
602,,,,,,
603,,,,,,
604,,,,,,
605,,,,,,
606,,,,,,
607,,,,,,
608,,,,,,
609,,,,,,
610,,,,,,
611,,,,,,
612,,,,,,
613,,,,,,
614,,,,,,
615,,,,,,
616,,,,,,
617,,,,,,
618,,,,,,
619,,,,,,
620,,,,,,
621,,,,,,
622,,,,,,
623,,,,,,
624,,,,,,
625,,,,,,
626,,,,,,
627,,,,,,
628,,,,,,
629,,,,,,
630,,,,,,
631,,,,,,
632,,,,,,
633,,,,,,
634,,,,,,
635,,,,,,
636,,,,,,
637,,,,,,
638,,,,,,
639,,,,,,
640,,,,,,
641,,,,,,
642,,,,,,
643,,,,,,
644,,,,,,
645,,,,,,
646,,,,,,
647,,,,,,
648,,,,,,
649,,,,,,
650,,,,,,
651,,,,,,
652,,,,,,
653,,,,,,
654,,,,,,
655,,,,,,
656,,,,,,
657,,,,,,
658,,,,,,
659,,,,,,
660,,,,,,
661,,,,,,
662,,,,,,
663,,,,,,
664,,,,,,
665,,,,,,
666,,,,,,
667,,,,,,
668,,,,,,
669,,,,,,
670,,,,,,
671,,,,,,
672,,,,,,
673,,,,,,
674,,,,,,
675,,,,,,
676,,,,,,
677,,,,,,
678,,,,,,
679,,,,,,
680,,,,,,
681,,,,,,
682,,,,,,
683,,,,,,
684,,,,,,
685,,,,,,
686,,,,,,
687,,,,,,
688,,,,,,
689,,,,,,
690,,,,,,
691,,,,,,
692,,,,,,
693,,,,,,
694,,,,,,
695,,,,,,
696,,,,,,
697,,,,,,
698,,,,,,
699,,,,,,
700,,,,,,
701,,,,,,
702,,,,,,
703,,,,,,
704,,,,,,
705,,,,,,
706,,,,,,
707,,,,,,
708,,,,,,
709,,,,,,
710,,,,,,
711,,,,,,
712,,,,,,
713,,,,,,
714,,,,,,
715,,,,,,
716,,,,,,
717,,,,,,
718,,,,,,
719,,,,,,
720,,,,,,
721,,,,,,
722,,,,,,
723,,,,,,
724,,,,,,
725,,,,,,
726,,,,,,
727,,,,,,
728,,,,,,
729,,,,,,
730,,,,,,
731,,,,,,
732,,,,,,
733,,,,,,
734,,,,,,
735,,,,,,
736,,,,,,
737,,,,,,
738,,,,,,
739,,,,,,
740,,,,,,
741,,,,,,
742,,,,,,
743,,,,,,
744,,,,,,
745,,,,,,
746,,,,,,
747,,,,,,
748,,,,,,
749,,,,,,
750,,,,,,
751,,,,,,
752,,,,,,
753,,,,,,
754,,,,,,
755,,,,,,
756,,,,,,
757,,,,,,
758,,,,,,
759,,,,,,
760,,,,,,
761,,,,,,
762,,,,,,
763,,,,,,
764,,,,,,
765,,,,,,
766,,,,,,
767,,,,,,
768,,,,,,
769,,,,,,
770,,,,,,
771,,,,,,
772,,,,,,
773,,,,,,
774,,,,,,
775,,,,,,
776,,,,,,
777,,,,,,
778,,,,,,
779,,,,,,
780,,,,,,
781,,,,,,
782,,,,,,
783,,,,,,
784,,,,,,
785,,,,,,
786,,,,,,
787,,,,,,
788,,,,,,
789,,,,,,
790,,,,,,
791,,,,,,
792,,,,,,
793,,,,,,
794,,,,,,
795,,,,,,
796,,,,,,
797,,,,,,
798,,,,,,
799,,,,,,
800,,,,,,
801,,,,,,
802,,,,,,
803,,,,,,
804,,,,,,
805,,,,,,
806,,,,,,
807,,,,,,
808,,,,,,
809,,,,,,
810,,,,,,
811,,,,,,
812,,,,,,
813,,,,,,
814,,,,,,
815,,,,,,
816,,,,,,
817,,,,,,
818,,,,,,
819,,,,,,
820,,,,,,
821,,,,,,
822,,,,,,
823,,,,,,
824,,,,,,
825,,,,,,
826,,,,,,
827,,,,,,
828,,,,,,
829,,,,,,
830,,,,,,
831,,,,,,
832,,,,,,
833,,,,,,
834,,,,,,
835,,,,,,
836,,,,,,
837,,,,,,
838,,,,,,
839,,,,,,
840,,,,,,
841,,,,,,
842,,,,,,
843,,,,,,
844,,,,,,
845,,,,,,
846,,,,,,
847,,,,,,
848,,,,,,
849,,,,,,
850,,,,,,
851,,,,,,
852,,,,,,
853,,,,,,
854,,,,,,
855,,,,,,
856,,,,,,
857,,,,,,
858,,,,,,
859,,,,,,
860,,,,,,
861,,,,,,
862,,,,,,
863,,,,,,
864,,,,,,
865,,,,,,
866,,,,,,
867,,,,,,
868,,,,,,
869,,,,,,
870,,,,,,
871,,,,,,
872,,,,,,
873,,,,,,
874,,,,,,
875,,,,,,
876,,,,,,
877,,,,,,
878,,,,,,
879,,,,,,
880,,,,,,
881,,,,,,
882,,,,,,
883,,,,,,
884,,,,,,
885,,,,,,
886,,,,,,
887,,,,,,
888,,,,,,
889,,,,,,
890,,,,,,
891,,,,,,
892,,,,,,
893,,,,,,
894,,,,,,
895,,,,,,
896,,,,,,
897,,,,,,
898,,,,,,
899,,,,,,
900,,,,,,
901,,,,,,
902,,,,,,
903,,,,,,
904,,,,,,
905,,,,,,
906,,,,,,
907,,,,,,
908,,,,,,
909,,,,,,
910,,,,,,
911,,,,,,
912,,,,,,
913,,,,,,
914,,,,,,
915,,,,,,
916,,,,,,
917,,,,,,
918,,,,,,
919,,,,,,
920,,,,,,
921,,,,,,
922,,,,,,
923,,,,,,
924,,,,,,
925,,,,,,
926,,,,,,
927,,,,,,
928,,,,,,
929,,,,,,
930,,,,,,
931,,,,,,
932,,,,,,
933,,,,,,
934,,,,,,
935,,,,,,
936,,,,,,
937,,,,,,
938,,,,,,
939,,,,,,
940,,,,,,
941,,,,,,
942,,,,,,
943,,,,,,
944,,,,,,
945,,,,,,
946,,,,,,
947,,,,,,
948,,,,,,
949,,,,,,
950,,,,,,
951,,,,,,
952,,,,,,
953,,,,,,
954,,,,,,
955,,,,,,
956,,,,,,
957,,,,,,
958,,,,,,
959,,,,,,
960,,,,,,
961,,,,,,
962,,,,,,
963,,,,,,
964,,,,,,
965,,,,,,
966,,,,,,
967,,,,,,
968,,,,,,
969,,,,,,
970,,,,,,
971,,,,,,
972,,,,,,
973,,,,,,
974,,,,,,
975,,,,,,
976,,,,,,
977,,,,,,
978,,,,,,
979,,,,,,
980,,,,,,
981,,,,,,
982,,,,,,
983,,,,,,
984,,,,,,
985,,,,,,
986,,,,,,
987,,,,,,
988,,,,,,
989,,,,,,
990,,,,,,
991,,,,,,
992,,,,,,
993,,,,,,
994,,,,,,
995,,,,,,
996,,,,,,
997,,,,,,
998,,,,,,
999,,,,,,
1000,,,,,,
1001,,,,,,
1002,,,,,,
1003,,,,,,
1004,,,,,,
1005,,,,,,
1006,,,,,,
1007,,,,,,
1008,,,,,,
1009,,,,,,
1010,,,,,,
1011,,,,,,
1012,,,,,,
1013,,,,,,
1014,,,,,,
1015,,,,,,
1016,,,,,,
1017,,,,,,
1018,,,,,,
1019,,,,,,
1020,,,,,,
1021,,,,,,
1022,,,,,,
1023,,,,,,
1024,,,,,,
1025,,,,,,
1026,,,,,,
1027,,,,,,
1028,,,,,,
1029,,,,,,
1030,,,,,,
1031,,,,,,
1032,,,,,,
1033,,,,,,
1034,,,,,,
1035,,,,,,
1036,,,,,,
1037,,,,,,
1038,,,,,,
1039,,,,,,
1040,,,,,,
1041,,,,,,
1042,,,,,,
1043,,,,,,
1044,,,,,,
1045,,,,,,
1046,,,,,,
1047,,,,,,
1048,,,,,,
1049,,,,,,
1050,,,,,,
1051,,,,,,
1052,,,,,,
1053,,,,,,
1054,,,,,,
1055,,,,,,
1056,,,,,,
1057,,,,,,
1058,,,,,,
1059,,,,,,
1060,,,,,,
1061,,,,,,
1062,,,,,,
1063,,,,,,
1064,,,,,,
1065,,,,,,
1066,,,,,,
1067,,,,,,
1068,,,,,,
1069,,,,,,
1070,,,,,,
1071,,,,,,
1072,,,,,,
1073,,,,,,
1074,,,,,,
1075,,,,,,
1076,,,,,,
1077,,,,,,
1078,,,,,,
1079,,,,,,
1080,,,,,,
1081,,,,,,
1082,,,,,,
1083,,,,,,
1084,,,,,,
1085,,,,,,
1086,,,,,,
1087,,,,,,
1088,,,,,,
1089,,,,,,
1090,,,,,,
1091,,,,,,
1092,,,,,,
1093,,,,,,
1094,,,,,,
1095,,,,,,
1096,,,,,,
1097,,,,,,
1098,,,,,,
1099,,,,,,
1100,,,,,,
1101,,,,,,
1102,,,,,,
1103,,,,,,
1104,,,,,,
1105,,,,,,
1106,,,,,,
1107,,,,,,
1108,,,,,,
1109,,,,,,
1110,,,,,,
1111,,,,,,
1112,,,,,,
1113,,,,,,
1114,,,,,,
1115,,,,,,
1116,,,,,,
1117,,,,,,
1118,,,,,,
1119,,,,,,
1120,,,,,,
1121,,,,,,
1122,,,,,,
1123,,,,,,
1124,,,,,,
1125,,,,,,
1126,,,,,,
1127,,,,,,
1128,,,,,,
1129,,,,,,
1130,,,,,,
1131,,,,,,
1132,,,,,,
1133,,,,,,
1134,,,,,,
1135,,,,,,
1136,,,,,,
1137,,,,,,
1138,,,,,,
1139,,,,,,
1140,,,,,,
1141,,,,,,
1142,,,,,,
1143,,,,,,
1144,,,,,,
1145,,,,,,
1146,,,,,,
1147,,,,,,
1148,,,,,,
1149,,,,,,
1150,,,,,,
1151,,,,,,
1152,,,,,,
1153,,,,,,
1154,,,,,,
1155,,,,,,
1156,,,,,,
1157,,,,,,
1158,,,,,,
1159,,,,,,
1160,,,,,,
1161,,,,,,
1162,,,,,,
1163,,,,,,
1164,,,,,,
1165,,,,,,
1166,,,,,,
1167,,,,,,
1168,,,,,,
1169,,,,,,
1170,,,,,,
1171,,,,,,
1172,,,,,,
1173,,,,,,
1174,,,,,,
1175,,,,,,
1176,,,,,,
1177,,,,,,
1178,,,,,,
1179,,,,,,
1180,,,,,,
1181,,,,,,
1182,,,,,,
1183,,,,,,
1184,,,,,,
1185,,,,,,
1186,,,,,,
1187,,,,,,
1188,,,,,,
1189,,,,,,
1190,,,,,,
1191,,,,,,
1192,,,,,,
1193,,,,,,
1194,,,,,,
1195,,,,,,
1196,,,,,,
1197,,,,,,
1198,,,,,,
1199,,,,,,
1200,,,,,,
1201,,,,,,
1202,,,,,,
1203,,,,,,
1204,,,,,,
1205,,,,,,
1206,,,,,,
1207,,,,,,
1208,,,,,,
1209,,,,,,
1210,,,,,,
1211,,,,,,
1212,,,,,,
1213,,,,,,
1214,,,,,,
1215,,,,,,
1216,,,,,,
1217,,,,,,
1218,,,,,,
1219,,,,,,
1220,,,,,,
1221,,,,,,
1222,,,,,,
1223,,,,,,
1224,,,,,,
1225,,,,,,
1226,,,,,,
1227,,,,,,
1228,,,,,,
1229,,,,,,
1230,,,,,,
1231,,,,,,
1232,,,,,,
1233,,,,,,
1234,,,,,,
1235,,,,,,
1236,,,,,,
1237,,,,,,
1238,,,,,,
1239,,,,,,
1240,,,,,,
1241,,,,,,
1242,,,,,,
1243,,,,,,
1244,,,,,,
1245,,,,,,
1246,,,,,,
1247,,,,,,
1248,,,,,,
1249,,,,,,
1250,,,,,,
1251,,,,,,
1252,,,,,,
1253,,,,,,
1254,,,,,,
1255,,,,,,
1256,,,,,,
1257,,,,,,
1258,,,,,,
1259,,,,,,
1260,,,,,,
1261,,,,,,
1262,,,,,,
1263,,,,,,
1264,,,,,,
1265,,,,,,
1266,,,,,,
1267,,,,,,
1268,,,,,,
1269,,,,,,
1270,,,,,,
1271,,,,,,
1272,,,,,,
1273,,,,,,
1274,,,,,,
1275,,,,,,
1276,,,,,,
1277,,,,,,
1278,,,,,,
1279,,,,,,
1280,,,,,,
1281,,,,,,
1282,,,,,,
1283,,,,,,
1284,,,,,,
1285,,,,,,
1286,,,,,,
1287,,,,,,
1288,,,,,,
1289,,,,,,
1290,,,,,,
1291,,,,,,
1292,,,,,,
1293,,,,,,
1294,,,,,,
1295,,,,,,
1296,,,,,,
1297,,,,,,
1298,,,,,,
1299,,,,,,
1300,,,,,,
1301,,,,,,
1302,,,,,,
1303,,,,,,
1304,,,,,,
1305,,,,,,
1306,,,,,,
1307,,,,,,
1308,,,,,,
1309,,,,,,
1310,,,,,,
1311,,,,,,
1312,,,,,,
1313,,,,,,
1314,,,,,,
1315,,,,,,
1316,,,,,,
1317,,,,,,
1318,,,,,,
1319,,,,,,
1320,,,,,,
1321,,,,,,
1322,,,,,,
1323,,,,,,
1324,,,,,,
1325,,,,,,
1326,,,,,,
1327,,,,,,
1328,,,,,,
1329,,,,,,
1330,,,,,,
1331,,,,,,
1332,,,,,,
1333,,,,,,
1334,,,,,,
1335,,,,,,
1336,,,,,,
1337,,,,,,
1338,,,,,,
1339,,,,,,
1340,,,,,,
1341,,,,,,
1342,,,,,,
1343,,,,,,
1344,,,,,,
1345,,,,,,
1346,,,,,,
1347,,,,,,
1348,,,,,,
1349,,,,,,
1350,,,,,,
1351,,,,,,
1352,,,,,,
1353,,,,,,
1354,,,,,,
1355,,,,,,
1356,,,,,,
1357,,,,,,
1358,,,,,,
1359,,,,,,
1360,,,,,,
1361,,,,,,
1362,,,,,,
1363,,,,,,
1364,,,,,,
1365,,,,,,
1366,,,,,,
1367,,,,,,
1368,,,,,,
1369,,,,,,
1370,,,,,,
1371,,,,,,
1372,,,,,,
1373,,,,,,
1374,,,,,,
1375,,,,,,
1376,,,,,,
1377,,,,,,
1378,,,,,,
1379,,,,,,
1380,,,,,,
1381,,,,,,
1382,,,,,,
1383,,,,,,
1384,,,,,,
1385,,,,,,
1386,,,,,,
1387,,,,,,
1388,,,,,,
1389,,,,,,
1390,,,,,,
1391,,,,,,
1392,,,,,,
1393,,,,,,
1394,,,,,,
1395,,,,,,
1396,,,,,,
1397,,,,,,
1398,,,,,,
1399,,,,,,
1400,,,,,,
1401,,,,,,
1402,,,,,,
1403,,,,,,
1404,,,,,,
1405,,,,,,
1406,,,,,,
1407,,,,,,
1408,,,,,,
1409,,,,,,
1410,,,,,,
1411,,,,,,
1412,,,,,,
1413,,,,,,
1414,,,,,,
1415,,,,,,
1416,,,,,,
1417,,,,,,
1418,,,,,,
1419,,,,,,
1420,,,,,,
1421,,,,,,
1422,,,,,,
1423,,,,,,
1424,,,,,,
1425,,,,,,
1426,,,,,,
1427,,,,,,
1428,,,,,,
1429,,,,,,
1430,,,,,,
1431,,,,,,
1432,,,,,,
1433,,,,,,
1434,,,,,,
1435,,,,,,
1436,,,,,,
1437,,,,,,
1438,,,,,,
1439,,,,,,
1440,,,,,,
1441,,,,,,
1442,,,,,,
1443,,,,,,
1444,,,,,,
1445,,,,,,
1446,,,,,,
1447,,,,,,
1448,,,,,,
1449,,,,,,
1450,,,,,,
1451,,,,,,
1452,,,,,,
1453,,,,,,
1454,,,,,,
1455,,,,,,
1456,,,,,,
1457,,,,,,
1458,,,,,,
1459,,,,,,
1460,,,,,,
1461,,,,,,
1462,,,,,,
1463,,,,,,
1464,,,,,,
1465,,,,,,
1466,,,,,,
1467,,,,,,
1468,,,,,,
1469,,,,,,
1470,,,,,,
1471,,,,,,
1472,,,,,,
1473,,,,,,
1474,,,,,,
1475,,,,,,
1476,,,,,,
1477,,,,,,
1478,,,,,,
1479,,,,,,
1480,,,,,,
1481,,,,,,
1482,,,,,,
1483,,,,,,
1484,,,,,,
1485,,,,,,
1486,,,,,,
1487,,,,,,
1488,,,,,,
1489,,,,,,
1490,,,,,,
1491,,,,,,
1492,,,,,,
1493,,,,,,
1494,,,,,,
1495,,,,,,
1496,,,,,,
1497,,,,,,
1498,,,,,,
1499,,,,,,
1500,,,,,,
1501,,,,,,
1502,,,,,,
1503,,,,,,
1504,,,,,,
1505,,,,,,
1506,,,,,,
1507,,,,,,
1508,,,,,,
1509,,,,,,
1510,,,,,,
1511,,,,,,
1512,,,,,,
1513,,,,,,
1514,,,,,,
1515,,,,,,
1516,,,,,,
1517,,,,,,
1518,,,,,,
1519,,,,,,
1520,,,,,,
1521,,,,,,
1522,,,,,,
1523,,,,,,
1524,,,,,,
1525,,,,,,
1526,,,,,,
1527,,,,,,
1528,,,,,,
1529,,,,,,
1530,,,,,,
1531,,,,,,
1532,,,,,,
1533,,,,,,
1534,,,,,,
1535,,,,,,
1536,,,,,,
1537,,,,,,
1538,,,,,,
1539,,,,,,
1540,,,,,,
1541,,,,,,
1542,,,,,,
1543,,,,,,
1544,,,,,,
1545,,,,,,
1546,,,,,,
1547,,,,,,
1548,,,,,,
1549,,,,,,
1550,,,,,,
1551,,,,,,
1552,,,,,,
1553,,,,,,
1554,,,,,,
1555,,,,,,
1556,,,,,,
1557,,,,,,
1558,,,,,,
1559,,,,,,
1560,,,,,,
1561,,,,,,
1562,,,,,,
1563,,,,,,
1564,,,,,,
1565,,,,,,
1566,,,,,,
1567,,,,,,
1568,,,,,,
1569,,,,,,
1570,,,,,,
1571,,,,,,
1572,,,,,,
1573,,,,,,
1574,,,,,,
1575,,,,,,
1576,,,,,,
1577,,,,,,
1578,,,,,,
1579,,,,,,
1580,,,,,,
1581,,,,,,
1582,,,,,,
1583,,,,,,
1584,,,,,,
1585,,,,,,
1586,,,,,,
1587,,,,,,
1588,,,,,,
1589,,,,,,
1590,,,,,,
1591,,,,,,
1592,,,,,,
1593,,,,,,
1594,,,,,,
1595,,,,,,
1596,,,,,,
1597,,,,,,
1598,,,,,,
1599,,,,,,
1600,,,,,,
1601,,,,,,
1602,,,,,,
1603,,,,,,
1604,,,,,,
1605,,,,,,
1606,,,,,,
1607,,,,,,
1608,,,,,,
1609,,,,,,
1610,,,,,,
1611,,,,,,
1612,,,,,,
1613,,,,,,
1614,,,,,,
1615,,,,,,
1616,,,,,,
1617,,,,,,
1618,,,,,,
1619,,,,,,
1620,,,,,,
1621,,,,,,
1622,,,,,,
1623,,,,,,
1624,,,,,,
1625,,,,,,
1626,,,,,,
1627,,,,,,
1628,,,,,,
1629,,,,,,
1630,,,,,,
1631,,,,,,
1632,,,,,,
1633,,,,,,
1634,,,,,,
1635,,,,,,
1636,,,,,,
1637,,,,,,
1638,,,,,,
1639,,,,,,
1640,,,,,,
1641,,,,,,
1642,,,,,,
1643,,,,,,
1644,,,,,,
1645,,,,,,
1646,,,,,,
1647,,,,,,
1648,,,,,,
1649,,,,,,
1650,,,,,,
1651,,,,,,
1652,,,,,,
1653,,,,,,
1654,,,,,,
1655,,,,,,
1656,,,,,,
1657,,,,,,
1658,,,,,,
1659,,,,,,
1660,,,,,,
1661,,,,,,
1662,,,,,,
1663,,,,,,
1664,,,,,,
1665,,,,,,
1666,,,,,,
1667,,,,,,
1668,,,,,,
1669,,,,,,
1670,,,,,,
1671,,,,,,
1672,,,,,,
1673,,,,,,
1674,,,,,,
1675,,,,,,
1676,,,,,,
1677,,,,,,
1678,,,,,,
1679,,,,,,
1680,,,,,,
1681,,,,,,
1682,,,,,,
1683,,,,,,
1684,,,,,,
1685,,,,,,
1686,,,,,,
1687,,,,,,
1688,,,,,,
1689,,,,,,
1690,,,,,,
1691,,,,,,
1692,,,,,,
1693,,,,,,
1694,,,,,,
1695,,,,,,
1696,,,,,,
1697,,,,,,
1698,,,,,,
1699,,,,,,
1700,,,,,,
1701,,,,,,
1702,,,,,,
1703,,,,,,
1704,,,,,,
1705,,,,,,
1706,,,,,,
1707,,,,,,
1708,,,,,,
1709,,,,,,
1710,,,,,,
1711,,,,,,
1712,,,,,,
1713,,,,,,
1714,,,,,,
1715,,,,,,
1716,,,,,,
1717,,,,,,
1718,,,,,,
1719,,,,,,
1720,,,,,,
1721,,,,,,
1722,,,,,,
1723,,,,,,
1724,,,,,,
1725,,,,,,
1726,,,,,,
1727,,,,,,
1728,,,,,,
1729,,,,,,
1730,,,,,,
1731,,,,,,
1732,,,,,,
1733,,,,,,
1734,,,,,,
1735,,,,,,
1736,,,,,,
1737,,,,,,
1738,,,,,,
1739,,,,,,
1740,,,,,,
1741,,,,,,
1742,,,,,,
1743,,,,,,
1744,,,,,,
1745,,,,,,
1746,,,,,,
1747,,,,,,
1748,,,,,,
1749,,,,,,
1750,,,,,,
1751,,,,,,
1752,,,,,,
1753,,,,,,
1754,,,,,,
1755,,,,,,
1756,,,,,,
1757,,,,,,
1758,,,,,,
1759,,,,,,
1760,,,,,,
1761,,,,,,
1762,,,,,,
1763,,,,,,
1764,,,,,,
1765,,,,,,
1766,,,,,,
1767,,,,,,
1768,,,,,,
1769,,,,,,
1770,,,,,,
1771,,,,,,
1772,,,,,,
1773,,,,,,
1774,,,,,,
1775,,,,,,
1776,,,,,,
1777,,,,,,
1778,,,,,,
1779,,,,,,
1780,,,,,,
1781,,,,,,
1782,,,,,,
1783,,,,,,
1784,,,,,,
1785,,,,,,
1786,,,,,,
1787,,,,,,
1788,,,,,,
1789,,,,,,
1790,,,,,,
1791,,,,,,
1792,,,,,,
1793,,,,,,
1794,,,,,,
1795,,,,,,
1796,,,,,,
1797,,,,,,
1798,,,,,,
1799,,,,,,
1800,,,,,,
1801,,,,,,
1802,,,,,,
1803,,,,,,
1804,,,,,,
1805,,,,,,
1806,,,,,,
1807,,,,,,
1808,,,,,,
1809,,,,,,
1810,,,,,,
1811,,,,,,
1812,,,,,,
1813,,,,,,
1814,,,,,,
1815,,,,,,
1816,,,,,,
1817,,,,,,
1818,,,,,,
1819,,,,,,
1820,,,,,,
1821,,,,,,
1822,,,,,,
1823,,,,,,
1824,,,,,,
1825,,,,,,
1826,,,,,,
1827,,,,,,
1828,,,,,,
1829,,,,,,
1830,,,,,,
1831,,,,,,
1832,,,,,,
1833,,,,,,
1834,,,,,,
1835,,,,,,
1836,,,,,,
1837,,,,,,
1838,,,,,,
1839,,,,,,
1840,,,,,,
1841,,,,,,
1842,,,,,,
1843,,,,,,
1844,,,,,,
1845,,,,,,
1846,,,,,,
1847,,,,,,
1848,,,,,,
1849,,,,,,
1850,,,,,,
1851,,,,,,
1852,,,,,,
1853,,,,,,
1854,,,,,,
1855,,,,,,
1856,,,,,,
1857,,,,,,
1858,,,,,,
1859,,,,,,
1860,,,,,,
1861,,,,,,
1862,,,,,,
1863,,,,,,
1864,,,,,,
1865,,,,,,
1866,,,,,,
1867,,,,,,
1868,,,,,,
1869,,,,,,
1870,,,,,,
1871,,,,,,
1872,,,,,,
1873,,,,,,
1874,,,,,,
1875,,,,,,
1876,,,,,,
1877,,,,,,
1878,,,,,,
1879,,,,,,
1880,,,,,,
1881,,,,,,
1882,,,,,,
1883,,,,,,
1884,,,,,,
1885,,,,,,
1886,,,,,,
1887,,,,,,
1888,,,,,,
1889,,,,,,
1890,,,,,,
1891,,,,,,
1892,,,,,,
1893,,,,,,
1894,,,,,,
1895,,,,,,
1896,,,,,,
1897,,,,,,
1898,,,,,,
1899,,,,,,
1900,,,,,,
1901,,,,,,
1902,,,,,,
1903,,,,,,
1904,,,,,,
1905,,,,,,
1906,,,,,,
1907,,,,,,
1908,,,,,,
1909,,,,,,
1910,,,,,,
1911,,,,,,
1912,,,,,,
1913,,,,,,
1914,,,,,,
1915,,,,,,
1916,,,,,,
1917,,,,,,
1918,,,,,,
1919,,,,,,
1920,,,,,,
1921,,,,,,
1922,,,,,,
1923,,,,,,
1924,,,,,,
1925,,,,,,
1926,,,,,,
1927,,,,,,
1928,,,,,,
1929,,,,,,
1930,,,,,,
1931,,,,,,
1932,,,,,,
1933,,,,,,
1934,,,,,,
1935,,,,,,
1936,,,,,,
1937,,,,,,
1938,,,,,,
1939,,,,,,
1940,,,,,,
1941,,,,,,
1942,,,,,,
1943,,,,,,
1944,,,,,,
1945,,,,,,
1946,,,,,,
1947,,,,,,
1948,,,,,,
1949,,,,,,
1950,,,,,,
1951,,,,,,
1952,,,,,,
1953,,,,,,
1954,,,,,,
1955,,,,,,
1956,,,,,,
1957,,,,,,
1958,,,,,,
1959,,,,,,
1960,,,,,,
1961,,,,,,
1962,,,,,,
1963,,,,,,
1964,,,,,,
1965,,,,,,
1966,,,,,,
1967,,,,,,
1968,,,,,,
1969,,,,,,
1970,,,,,,
1971,,,,,,
1972,,,,,,
1973,,,,,,
1974,,,,,,
1975,,,,,,
1976,,,,,,
1977,,,,,,
1978,,,,,,
1979,,,,,,
1980,,,,,,
1981,,,,,,
1982,,,,,,
1983,,,,,,
1984,,,,,,
1985,,,,,,
1986,,,,,,
1987,,,,,,
1988,,,,,,
1989,,,,,,
1990,,,,,,
1991,,,,,,
1992,,,,,,
1993,,,,,,
1994,,,,,,
1995,,,,,,
1996,,,,,,
1997,,,,,,
1998,,,,,,
1999,,,,,,
2000,,,,,,
2001,,,,,,
2002,,,,,,
2003,,,,,,
2004,,,,,,
2005,,,,,,
2006,,,,,,
2007,,,,,,
2008,,,,,,
2009,,,,,,
2010,,,,,,
2011,,,,,,
2012,,,,,,
2013,,,,,,
2014,,,,,,
2015,,,,,,
2016,,,,,,
2017,,,,,,
2018,,,,,,
2019,,,,,,
2020,,,,,,
2021,,,,,,
2022,,,,,,
2023,,,,,,
2024,,,,,,
2025,,,,,,
2026,,,,,,
2027,,,,,,
2028,,,,,,
2029,,,,,,
2030,,,,,,
2031,,,,,,
2032,,,,,,
2033,,,,,,
2034,,,,,,
2035,,,,,,
2036,,,,,,
2037,,,,,,
2038,,,,,,
2039,,,,,,
2040,,,,,,
2041,,,,,,
2042,,,,,,
2043,,,,,,
2044,,,,,,
2045,,,,,,
2046,,,,,,
2047,,,,,,
2048,,,,,,
2049,,,,,,
2050,,,,,,
2051,,,,,,
2052,,,,,,
2053,,,,,,
2054,,,,,,
2055,,,,,,
2056,,,,,,
2057,,,,,,
2058,,,,,,
2059,,,,,,
2060,,,,,,
2061,,,,,,
2062,,,,,,
2063,,,,,,
2064,,,,,,
2065,,,,,,
2066,,,,,,
2067,,,,,,
2068,,,,,,
2069,,,,,,
2070,,,,,,
2071,,,,,,
2072,,,,,,
2073,,,,,,
2074,,,,,,
2075,,,,,,
2076,,,,,,
2077,,,,,,
2078,,,,,,
2079,,,,,,
2080,,,,,,
2081,,,,,,
2082,,,,,,
2083,,,,,,
2084,,,,,,
2085,,,,,,
2086,,,,,,
2087,,,,,,
2088,,,,,,
2089,,,,,,
2090,,,,,,
2091,,,,,,
2092,,,,,,
2093,,,,,,
2094,,,,,,
2095,,,,,,
2096,,,,,,
2097,,,,,,
2098,,,,,,
2099,,,,,,
2100,,,,,,
2101,,,,,,
2102,,,,,,
2103,,,,,,
2104,,,,,,
2105,,,,,,
2106,,,,,,
2107,,,,,,
2108,,,,,,
2109,,,,,,
2110,,,,,,
2111,,,,,,
2112,,,,,,
2113,,,,,,
2114,,,,,,
2115,,,,,,
2116,,,,,,
2117,,,,,,
2118,,,,,,
2119,,,,,,
2120,,,,,,
2121,,,,,,
2122,,,,,,
2123,,,,,,
2124,,,,,,
2125,,,,,,
2126,,,,,,
2127,,,,,,
2128,,,,,,
2129,,,,,,
2130,,,,,,
2131,,,,,,
2132,,,,,,
2133,,,,,,
2134,,,,,,
2135,,,,,,
2136,,,,,,
2137,,,,,,
2138,,,,,,
2139,,,,,,
2140,,,,,,
2141,,,,,,
2142,,,,,,
2143,,,,,,
2144,,,,,,
2145,,,,,,
2146,,,,,,
2147,,,,,,
2148,,,,,,
2149,,,,,,
2150,,,,,,
2151,,,,,,
2152,,,,,,
2153,,,,,,
2154,,,,,,
2155,,,,,,
2156,,,,,,
2157,,,,,,
2158,,,,,,
2159,,,,,,
2160,,,,,,
2161,,,,,,
2162,,,,,,
2163,,,,,,
2164,,,,,,
2165,,,,,,
2166,,,,,,
2167,,,,,,
2168,,,,,,
2169,,,,,,
2170,,,,,,
2171,,,,,,
2172,,,,,,
2173,,,,,,
2174,,,,,,
2175,,,,,,
2176,,,,,,
2177,,,,,,
2178,,,,,,
2179,,,,,,
2180,,,,,,
2181,,,,,,
2182,,,,,,
2183,,,,,,
2184,,,,,,
2185,,,,,,
2186,,,,,,
2187,,,,,,
2188,,,,,,
2189,,,,,,
2190,,,,,,
2191,,,,,,
2192,,,,,,
2193,,,,,,
2194,,,,,,
2195,,,,,,
2196,,,,,,
2197,,,,,,
2198,,,,,,
2199,,,,,,
2200,,,,,,
2201,,,,,,
2202,,,,,,
2203,,,,,,
2204,,,,,,
2205,,,,,,
2206,,,,,,
2207,,,,,,
2208,,,,,,
2209,,,,,,
2210,,,,,,
2211,,,,,,
2212,,,,,,
2213,,,,,,
2214,,,,,,
2215,,,,,,
2216,,,,,,
2217,,,,,,
2218,,,,,,
2219,,,,,,
2220,,,,,,
2221,,,,,,
2222,,,,,,
2223,,,,,,
2224,,,,,,
2225,,,,,,
2226,,,,,,
2227,,,,,,
2228,,,,,,
2229,,,,,,
2230,,,,,,
2231,,,,,,
2232,,,,,,
2233,,,,,,
2234,,,,,,
2235,,,,,,
