Cycle,Battery#7,#7_SOH,Battery#8,#8_SOH,Battery#9,#9_SOH
1,1.0665728,0.9696116359999999,1.0636606000000002,0.966964182,1.063777,0.9670700000000001
2,1.0674551,0.9704137270000001,1.0647362,0.967942,1.0650502,0.968227455
3,1.0682848999999999,0.9711680909999999,1.0656181999999998,0.968743818,1.065752,0.968865455
4,1.0687084,0.971553091,1.0662173000000001,0.969288455,1.066355,0.969413636
5,1.0690936000000002,0.971903273,1.0665767,0.9696151820000001,1.0665586999999999,0.9695988179999999
6,1.069415,0.972195455,1.0669743999999999,0.969976727,1.0668859,0.9698962729999999
7,1.0697305000000001,0.972482273,1.067187,0.9701700000000001,1.0670462,0.970042
8,1.0699873,0.972715727,1.0675483000000001,0.970498455,1.0673006999999999,0.9702733640000001
9,1.0702368999999998,0.972942636,1.0677196000000002,0.970654182,1.0673895,0.9703540909999999
10,1.0704191,0.973108273,1.0679353,0.9708502729999999,1.0675322,0.9704838179999999
11,1.0704424,0.973129455,1.0680143999999998,0.970922182,1.0676036,0.970548727
12,1.0705919,0.9732653640000001,1.0679934,0.9709030909999999,1.0675582000000001,0.970507455
13,1.0705655,0.973241364,1.0681455,0.9710413640000001,1.0676333,0.970575727
14,1.0704837,0.973167,1.0681577,0.971052455,1.0677133,0.970648455
15,1.0706061000000002,0.9732782729999999,1.0683548,0.971231636,1.0678315,0.9707559090000001
16,1.0706448999999998,0.973313545,1.0684052,0.971277455,1.0679266,0.970842364
17,1.0707958,0.973450727,1.0683966,0.9712696359999999,1.0679874,0.9708976359999999
18,1.0708847,0.973531545,1.0684268,0.971297091,1.0680083,0.9709166359999999
19,1.0707641,0.973421909,1.0684555,0.971323182,1.0679822,0.970892909
20,1.0708299,0.973481727,1.0683903000000001,0.971263909,1.0679505,0.9708640909999999
21,1.0708976000000001,0.973543273,1.0685091,0.971371909,1.0680176000000001,0.9709250909999999
22,1.070961,0.9736009090000001,1.0685432,0.971402909,1.0679858999999998,0.9708962729999999
23,1.0708232,0.973475636,1.0685198999999999,0.971381727,1.0680346,0.970940545
24,1.0707258999999998,0.9733871820000001,1.0684477,0.9713160909999999,1.0680013000000002,0.970910273
25,1.0708826,0.973529636,1.0685261000000001,0.971387364,1.0680106000000003,0.970918727
26,1.0707502,0.973409273,1.0684638000000002,0.971330727,1.0679696,0.970881455
27,1.0709372,0.973579273,1.0684360000000002,0.971305455,1.0679426,0.9708569090000001
28,1.0711445,0.973767727,1.0683316999999999,0.9712106359999999,1.0679771,0.970888273
29,1.0713712,0.9739738179999999,1.068195,0.971086364,1.0680169,0.970924455
30,1.071273,0.973884545,1.0684924999999998,0.971356818,1.0679865,0.9708968179999999
31,1.0711743999999999,0.9737949090000001,1.0686031999999999,0.971457455,1.068059,0.9709627270000001
32,1.0712643999999998,0.973876727,1.0685759,0.971432636,1.0680482,0.9709529090000001
33,1.0712545,0.973867727,1.0685992,0.971453818,1.0681108999999998,0.9710099090000001
34,1.0711246,0.973749636,1.0687143999999997,0.971558545,1.0680823,0.9709839090000001
35,1.0711483,0.973771182,1.0685532,0.971412,1.0680426,0.970947818
36,1.0711002,0.973727455,1.0686525,0.9715022729999999,1.0679861000000002,0.970896455
37,1.0710839,0.9737126359999999,1.0686617,0.971510636,1.0679315,0.970846818
38,1.0710198,0.973654364,1.0685281,0.971389182,1.0679085,0.9708259090000001
39,1.0709572,0.973597455,1.0684588,0.971326182,1.0678796,0.970799636
40,1.0710604,0.973691273,1.0685893999999998,0.971444909,1.0679001000000001,0.970818273
41,1.0710026000000001,0.973638727,1.0685861,0.971441909,1.0679254999999999,0.9708413640000001
42,1.0709615,0.9736013640000001,1.0685563999999999,0.971414909,1.0678222,0.970747455
43,1.0709077,0.973552455,1.0684844999999998,0.971349545,1.0677673,0.970697545
44,1.0708535,0.9735031820000001,1.068445,0.971313636,1.067739,0.970671818
45,1.0706103999999999,0.973282182,1.0684531000000002,0.9713209999999999,1.0677729,0.970702636
46,1.0707921999999999,0.973447455,1.068534,0.971394545,1.0678386999999998,0.970762455
47,1.0707623,0.973420273,1.068581,0.9714372729999999,1.06785,0.9707727270000001
48,1.0706935,0.973357727,1.0686094,0.971463091,1.0678066000000002,0.970733273
49,1.0708975,0.973543182,1.0686371000000001,0.971488273,1.0677624,0.9706930909999999
50,1.0709598,0.973599818,1.0685687,0.971426091,1.0677623,0.970693
51,1.070883,0.9735299999999999,1.0686038,0.971458,1.0678195,0.9707450000000001
52,1.0708803999999998,0.9735276359999999,1.0685227,0.971384273,1.0678132,0.970739273
53,1.0708002,0.973454727,1.0685833,0.9714393640000001,1.0678291000000002,0.9707537270000001
54,1.0707841999999999,0.973440182,1.0685636,0.971421455,1.0677959,0.970723545
55,1.0706327,0.973302455,1.0685091999999998,0.9713719999999999,1.0678113999999999,0.970737636
56,1.0707921,0.9734473640000001,1.0684525,0.971320455,1.0678128999999998,0.9707389999999999
57,1.0706505,0.9733186359999999,1.0684069,0.9712790000000001,1.067795,0.9707227270000001
58,1.0706799,0.973345364,1.0684903000000001,0.971354818,1.0676023000000001,0.970547545
59,1.0705699,0.9732453640000001,1.0684768,0.971342545,1.0676433,0.970584818
60,1.0706924,0.973356727,1.0684301999999999,0.971300182,1.0675874,0.970534
61,1.0705771000000002,0.973251909,1.0683568,0.971233455,1.0675663,0.970514818
62,1.0703943,0.9730857270000001,1.0683459,0.971223545,1.0676421999999999,0.9705838179999999
63,1.0705042,0.973185636,1.0683408,0.9712189090000001,1.0676295,0.9705722729999999
64,1.0705535,0.973230455,1.0683722,0.971247455,1.0675591999999998,0.9705083640000001
65,1.0705276000000001,0.9732069090000001,1.0682426999999999,0.971129727,1.0674948999999998,0.970449909
66,1.0705111,0.9731919090000001,1.0681705,0.9710640909999999,1.067502,0.970456364
67,1.0703456,0.973041455,1.0680616000000003,0.970965091,1.0674941999999998,0.970449273
68,1.0702858999999998,0.972987182,1.0680448999999999,0.9709499090000001,1.0674529,0.970411727
69,1.0704138,0.973103455,1.0680326,0.9709387270000001,1.0673673000000001,0.970333909
70,1.070194,0.972903636,1.0678819,0.970801727,1.0673575000000002,0.970325
71,1.0700907,0.972809727,1.0677588,0.970689818,1.0673511999999998,0.970319273
72,1.0701027,0.9728206359999999,1.0679014,0.970819455,1.0672475000000001,0.970225
73,1.0700753,0.972795727,1.0677652,0.970695636,1.067245,0.970222727
74,1.0700533,0.972775727,1.0676337,0.970576091,1.0672034,0.9701849090000001
75,1.0700538,0.972776182,1.0679919,0.970901727,1.0675331000000001,0.9704846359999999
76,1.0699601,0.972691,1.0677493999999998,0.970681273,1.0671766000000003,0.970160545
77,1.0702441999999999,0.972949273,1.0676951000000001,0.9706319090000001,1.0671431999999998,0.970130182
78,1.0700582,0.972780182,1.0678256000000002,0.970750545,1.0670931000000001,0.970084636
79,1.069908,0.9726436359999999,1.0676397,0.970581545,1.067136,0.970123636
80,1.0699617000000001,0.972692455,1.0677133,0.970648455,1.0670671,0.9700610000000001
81,1.0700866000000002,0.972806,1.0677104,0.9706458179999999,1.0670098999999997,0.970009
82,1.0701521999999999,0.972865636,1.0676538999999998,0.970594455,1.0670369,0.970033545
83,1.0700898,0.972808909,1.0676322,0.970574727,1.0670110000000002,0.97001
84,1.0700212,0.972746545,1.0676153999999998,0.970559455,1.0669608999999998,0.969964455
85,1.0700288999999998,0.972753545,1.0676601000000001,0.9706000909999999,1.0670202,0.9700183640000001
86,1.070035,0.9727590909999999,1.0677273999999999,0.9706612729999999,1.0670848999999998,0.970077182
87,1.0700466999999998,0.9727697270000001,1.0677521,0.970683727,1.0670785,0.970071364
88,1.0701627,0.972875182,1.0676652,0.970604727,1.0670785,0.970071364
89,1.0701481000000002,0.972861909,1.0676517,0.970592455,1.0669712,0.9699738179999999
90,1.0700128999999998,0.9727389999999999,1.0674778,0.970434364,1.066873,0.969884545
91,1.0697918,0.9725379999999999,1.0673678,0.9703343640000001,1.0668215,0.969837727
92,1.0698298000000002,0.972572545,1.0673813,0.9703466359999999,1.066802,0.9698200000000001
93,1.0697356000000002,0.972486909,1.067345,0.970313636,1.0668062,0.969823818
94,1.0696186,0.972380545,1.0672818000000002,0.9702561820000001,1.0667355,0.969759545
95,1.0695728,0.9723389090000001,1.0673332,0.970302909,1.066642,0.969674545
96,1.0694504999999999,0.972227727,1.0671659,0.9701508179999999,1.0666676000000002,0.969697818
97,1.0694718,0.972247091,1.0672036,0.9701850909999999,1.0665992,0.9696356359999999
98,1.0695231,0.972293727,1.0671537,0.9701397270000001,1.0665662,0.9696056359999999
99,1.0695093,0.972281182,1.0671253,0.970113909,1.0665586999999999,0.9695988179999999
100,1.0694544,0.972231273,1.067026,0.970023636,1.0664401000000001,0.969491
101,1.0694734,0.972248545,1.0670043,0.9700039090000001,1.0664533,0.9695030000000001
102,1.0694743,0.9722493640000001,1.0669307,0.969937,1.066389,0.969444545
103,1.0694705,0.9722459090000001,1.0669866000000001,0.969987818,1.0663483999999999,0.9694076359999999
104,1.069346,0.9721327270000001,1.0668971999999999,0.969906545,1.0662572,0.969324727
105,1.0693175,0.972106818,1.066848,0.9698618179999999,1.0663194999999999,0.9693813640000001
106,1.0692799,0.9720726359999999,1.0668057,0.969823364,1.0662646999999998,0.969331545
107,1.0693401000000002,0.9721273640000001,1.0668195,0.969835909,1.0662624,0.969329455
108,1.0692537,0.972048818,1.0669346000000002,0.969940545,1.0663031,0.969366455
109,1.0691812,0.9719829090000001,1.0668681,0.9698800909999999,1.0663722,0.9694292729999999
110,1.0691663,0.9719693640000001,1.0668604,0.969873091,1.0663533,0.9694120909999999
111,1.0693921999999998,0.9721747270000001,1.0668049,0.969822636,1.0663141999999999,0.969376545
112,1.0693825000000001,0.9721659090000001,1.0668292,0.969844727,1.0663527,0.969411545
113,1.0692921999999998,0.972083818,1.0668863000000002,0.969896636,1.06627,0.969336364
114,1.0692488000000002,0.972044364,1.0668457,0.969859727,1.0662662,0.969332909
115,1.0694056,0.972186909,1.0667583999999999,0.969780364,1.0662808000000001,0.969346182
116,1.0693105,0.972100455,1.0667282,0.9697529090000001,1.066219,0.96929
117,1.0694039,0.9721853640000001,1.0667652,0.969786545,1.0661559999999999,0.9692327270000001
118,1.0694026,0.972184182,1.0666986999999999,0.969726091,1.066138,0.9692163640000001
119,1.0693579,0.972143545,1.0667973,0.9698157270000001,1.0661435,0.969221364
120,1.0693947,0.9721770000000001,1.0666791000000002,0.969708273,1.066103,0.969184545
121,1.0693183000000002,0.972107545,1.0664833999999999,0.969530364,1.0659908,0.969082545
122,1.0691833,0.9719848179999999,1.0664562,0.969505636,1.0659597,0.969054273
123,1.0691643,0.971967545,1.0663835,0.969439545,1.0659056,0.969005091
124,1.0690826,0.971893273,1.0663736000000001,0.969430545,1.0658326999999999,0.9689388179999999
125,1.0691085,0.971916818,1.066331,0.969391818,1.0658530000000002,0.968957273
126,1.0690674,0.971879455,1.0663496000000001,0.969408727,1.0657458999999998,0.9688599090000001
127,1.0689729,0.971793545,1.0662694,0.969335818,1.0658323,0.968938455
128,1.0689149,0.971740818,1.0661875,0.9692613640000001,1.0656723999999997,0.968793091
129,1.0688236999999998,0.971657909,1.0661418,0.969219818,1.0655842,0.9687129090000001
130,1.0687361000000002,0.971578273,1.0662023,0.9692748179999999,1.0655421999999999,0.968674727
131,1.0688511,0.971682818,1.0661133999999999,0.969194,1.0656128,0.968738909
132,1.0687218,0.971565273,1.0659733,0.969066636,1.0655261,0.968660091
133,1.0687143999999997,0.971558545,1.0659556000000001,0.969050545,1.0654747,0.9686133640000001
134,1.0686206,0.971473273,1.0658413999999998,0.9689467270000001,1.065444,0.968585455
135,1.0686476,0.971497818,1.0658687,0.968971545,1.0654529,0.968593545
136,1.068606,0.97146,1.0659615,0.969055909,1.0654078000000002,0.968552545
137,1.0685878999999998,0.971443545,1.0658052,0.968913818,1.0653923,0.968538455
138,1.0684352,0.971304727,1.0657698999999998,0.9688817270000001,1.0652363,0.9683966359999999
139,1.0684341,0.971303727,1.0657609,0.968873545,1.0652046999999998,0.968367909
140,1.068329,0.971208182,1.0657946000000003,0.9689041820000001,1.0651772,0.9683429090000001
141,1.0681905,0.9710822729999999,1.06577,0.968881818,1.0652362,0.968396545
142,1.0682844999999999,0.971167727,1.0657613000000001,0.968873909,1.0652858,0.968441636
143,1.0682752,0.9711592729999999,1.0657188999999998,0.968835364,1.0653146999999998,0.968467909
144,1.0683306000000001,0.971209636,1.0656825,0.968802273,1.0652698999999999,0.968427182
145,1.0684527,0.971320636,1.0655898000000001,0.9687180000000001,1.0652508,0.9684098179999999
146,1.0685084999999999,0.971371364,1.0654843,0.968622091,1.0651472,0.9683156359999999
147,1.068333,0.971211818,1.0655899,0.968718091,1.0651438999999998,0.968312636
148,1.0683643,0.9712402729999999,1.0655913000000001,0.968719364,1.0652226999999999,0.968384273
149,1.0685215000000001,0.9713831820000001,1.0654999,0.968636273,1.0651685,0.9683350000000001
150,1.0685141000000002,0.971376455,1.0653578000000001,0.968507091,1.0650766,0.968251455
151,1.0684751000000001,0.971341,1.0652313999999998,0.968392182,1.0649747999999999,0.968158909
152,1.068397,0.9712700000000001,1.0652063,0.9683693640000001,1.064977,0.9681609090000001
153,1.0682933000000001,0.971175727,1.0652277,0.968388818,1.0649242,0.968112909
154,1.0682506999999999,0.971137,1.0652188,0.968380727,1.0649202,0.9681092729999999
155,1.0682597,0.971145182,1.0651072,0.9682792729999999,1.0647951,0.967995545
156,1.0682131000000001,0.971102818,1.0651458999999999,0.968314455,1.0646743,0.9678857270000001
157,1.0682954,0.971177636,1.0651283999999999,0.968298545,1.0645163999999998,0.9677421820000001
158,1.0682603000000002,0.971145727,1.0649781,0.9681619090000001,1.0646069,0.967824455
159,1.0681065,0.9710059090000001,1.0649271,0.968115545,1.0644528999999998,0.967684455
160,1.0681385,0.971035,1.064885,0.968077273,1.0643773,0.967615727
161,1.067958,0.9708709090000001,1.0647223999999997,0.967929455,1.0642986,0.967544182
162,1.0677928,0.970720727,1.0647042,0.967912909,1.064271,0.9675190909999999
163,1.0677522,0.9706838179999999,1.0646394,0.9678540000000001,1.0642827,0.9675297270000001
164,1.0676881,0.970625545,1.064599,0.967817273,1.0641972,0.9674520000000001
165,1.0676579,0.9705980909999999,1.0646061000000002,0.9678237270000001,1.0641558,0.967414364
166,1.0675788999999998,0.9705262729999999,1.0645343,0.967758455,1.0641495,0.9674086359999999
167,1.0676184,0.970562182,1.0645773,0.967797545,1.064116,0.967378182
168,1.0675731000000002,0.970521,1.0646044,0.967822182,1.0641173000000002,0.967379364
169,1.0674559,0.970414455,1.0646018999999998,0.967819909,1.064244,0.967494545
170,1.0673549999999998,0.970322727,1.064649,0.967862727,1.0641912,0.967446545
171,1.0672718,0.970247091,1.0645764,0.9677967270000001,1.0641748,0.9674316359999999
172,1.0674299999999999,0.970390909,1.0645903,0.9678093640000001,1.0642058,0.9674598179999999
173,1.0674742,0.9704310909999999,1.0645375,0.967761364,1.0642388,0.967489818
174,1.0674649,0.9704226359999999,1.0644544,0.967685818,1.0640982,0.967362
175,1.0673282,0.970298364,1.06443,0.9676636359999999,1.0641271,0.967388273
176,1.0673171000000001,0.970288273,1.0643121000000002,0.967556455,1.0640614,0.967328545
177,1.0672255,0.9702049999999999,1.0643559,0.967596273,1.0639652,0.9672410909999999
178,1.0672516,0.9702287270000001,1.0643637,0.967603364,1.0640199,0.9672908179999999
179,1.0671271,0.970115545,1.0643976000000002,0.9676341820000001,1.0639557,0.967232455
180,1.0670986999999998,0.9700897270000001,1.0643235,0.967566818,1.0638956,0.967177818
181,1.0670049,0.970004455,1.0642642,0.9675129090000001,1.0638178999999999,0.967107182
182,1.0671058,0.970096182,1.0641603000000002,0.967418455,1.063733,0.96703
183,1.0670256999999999,0.9700233640000001,1.0641485000000002,0.967407727,1.0637299999999998,0.967027273
184,1.0669705,0.969973182,1.0641233,0.967384818,1.0636261,0.966932818
185,1.0668549999999999,0.969868182,1.0640481000000002,0.967316455,1.0636131000000002,0.9669209999999999
186,1.0669116,0.969919636,1.0640535,0.967321364,1.063589,0.9668990909999999
187,1.0668204,0.969836727,1.0640329,0.967302636,1.063525,0.9668409090000001
188,1.0668064,0.969824,1.0639996999999999,0.967272455,1.0635561000000002,0.966869182
189,1.0669096000000002,0.969917818,1.063839,0.9671263640000001,1.0634229,0.9667480909999999
190,1.0666476,0.969679636,1.0638701000000002,0.967154636,1.0633705,0.966700455
191,1.0665076,0.9695523640000001,1.0637633999999998,0.9670576359999999,1.0633146999999998,0.9666497270000001
192,1.06657,0.9696090909999999,1.0636783,0.966980273,1.0632676,0.966606909
193,1.0666096999999999,0.969645182,1.0635819,0.966892636,1.0631127,0.9664660909999999
194,1.0665863000000002,0.9696239090000001,1.0636058000000002,0.9669143640000001,1.0630444,0.966404
195,1.0664611000000002,0.969510091,1.0635037,0.966821545,1.0630403,0.966400273
196,1.0663211000000001,0.9693828179999999,1.0633082,0.966643818,1.0629928999999998,0.966357182
197,1.0662755,0.969341364,1.0632986999999998,0.966635182,1.0628036,0.9661850909999999
198,1.0662022,0.9692747270000001,1.0633475000000001,0.966679545,1.0629491000000002,0.966317364
199,1.0661882,0.9692620000000001,1.0633907,0.9667188179999999,1.0630527,0.966411545
200,1.0661055,0.969186818,1.0634203000000002,0.966745727,1.063004,0.9663672729999999
201,1.0659610000000002,0.969055455,1.0632584999999999,0.966598636,1.0629395000000001,0.9663086359999999
202,1.0658404,0.968945818,1.0633175,0.966652273,1.0628624,0.966238545
203,1.0658298000000002,0.968936182,1.0632753000000001,0.9666139090000001,1.0627376,0.966125091
204,1.065864,0.968967273,1.0632221000000002,0.966565545,1.0628589,0.9662353640000001
205,1.0658693000000001,0.9689720909999999,1.0631336999999998,0.966485182,1.0628526000000003,0.9662296359999999
206,1.0658306,0.9689369090000001,1.0632233999999998,0.966566727,1.0628393,0.966217545
207,1.0658365,0.968942273,1.0632556999999998,0.966596091,1.0628583,0.966234818
208,1.0659288,0.969026182,1.0632565,0.966596818,1.0628548,0.966231636
209,1.0658325000000002,0.968938636,1.0631785,0.966525909,1.0627475,0.9661340909999999
210,1.0656953000000002,0.9688139090000001,1.0630946000000001,0.9664496359999999,1.0626957000000001,0.966087
211,1.0658873,0.968988455,1.0630276,0.966388727,1.0625545,0.965958636
212,1.0658961999999998,0.968996545,1.0630549999999999,0.966413636,1.0625467,0.965951545
213,1.0658416000000002,0.968946909,1.062975,0.966340909,1.0625554,0.965959455
214,1.0659652,0.9690592729999999,1.0629194,0.966290364,1.0625643,0.965967545
215,1.0658181,0.968925545,1.0628535,0.966230455,1.0625657,0.965968818
216,1.0656816,0.968801455,1.0628833,0.966257545,1.0625238000000001,0.965930727
217,1.065605,0.968731818,1.0628118999999998,0.9661926359999999,1.0625246000000002,0.965931455
218,1.0655782,0.968707455,1.0628408999999999,0.966219,1.0623746,0.9657950909999999
219,1.0656014999999999,0.9687286359999999,1.0627742,0.9661583640000001,1.0624015,0.965819545
220,1.0654829,0.968620818,1.062745,0.9661318179999999,1.0623084999999999,0.965735
221,1.065447,0.9685881820000001,1.0627251,0.966113727,1.0622756000000002,0.9657050909999999
222,1.0654636999999998,0.968603364,1.0626576,0.966052364,1.0622871,0.965715545
223,1.0654333,0.968575727,1.0625978999999999,0.9659980909999999,1.062188,0.965625455
224,1.0653814,0.968528545,1.0626280000000001,0.966025455,1.0621146000000001,0.965558727
225,1.0654339,0.9685762729999999,1.0625348999999997,0.965940818,1.0621101,0.9655546359999999
226,1.0652953,0.968450273,1.0624323,0.965847545,1.0619573999999998,0.965415818
227,1.0652915,0.968446818,1.0623563999999999,0.965778545,1.0619020000000001,0.965365455
228,1.0652691,0.968426455,1.0623391000000002,0.965762818,1.0618812,0.965346545
229,1.0653042,0.9684583640000001,1.0623243,0.9657493640000001,1.0617785,0.965253182
230,1.0653553,0.968504818,1.0622768,0.965706182,1.0617936000000001,0.965266909
231,1.0650502,0.968227455,1.0622344,0.9656676359999999,1.0617504,0.9652276359999999
232,1.0650870000000001,0.9682609090000001,1.0621486999999998,0.965589727,1.0616671,0.965151909
233,1.0648818000000002,0.968074364,1.0620555,0.965505,1.061603,0.965093636
234,1.0649707,0.9681551820000001,1.0620366,0.9654878179999999,1.0616142,0.965103818
235,1.0649968,0.968178909,1.0619946000000002,0.9654496359999999,1.0613883999999998,0.964898545
236,1.0649868,0.968169818,1.0620452,0.965495636,1.0613518,0.964865273
237,1.0648485,0.968044091,1.0619,0.965363636,1.0614275,0.9649340909999999
238,1.0647002,0.967909273,1.0619273,0.965388455,1.0613736,0.964885091
239,1.0646108,0.967828,1.0618223,0.9652930000000001,1.0612806000000001,0.964800545
240,1.0645993999999999,0.9678176359999999,1.0617491000000001,0.965226455,1.0613549999999998,0.964868182
241,1.0646105,0.9678277270000001,1.0615914,0.9650830909999999,1.0612963,0.964814818
242,1.0646671,0.967879182,1.0616021,0.965092818,1.0612301000000002,0.9647546359999999
243,1.0645163999999998,0.9677421820000001,1.0615854,0.965077636,1.0612514,0.964774
244,1.0645098999999998,0.967736273,1.0614952,0.9649956359999999,1.061215,0.9647409090000001
245,1.0645493000000001,0.967772091,1.0615152,0.965013818,1.0610628999999998,0.964602636
246,1.0644681,0.967698273,1.0614624,0.9649658179999999,1.0611087,0.964644273
247,1.0644426000000002,0.9676750909999999,1.0614959,0.964996273,1.0610055,0.964550455
248,1.0643513999999998,0.9675921820000001,1.0614389,0.964944455,1.0610368000000001,0.9645789090000001
249,1.0643771,0.967615545,1.0613912,0.964901091,1.0609758999999999,0.964523545
250,1.0641968000000002,0.967451636,1.0613418,0.964856182,1.0610226,0.964566
251,1.0641775,0.9674340909999999,1.0613137,0.964830636,1.0608521999999998,0.9644110909999999
252,1.064343,0.967584545,1.0612110000000001,0.964737273,1.0608351,0.964395545
253,1.0641145,0.967376818,1.0612046,0.964731455,1.0608339,0.964394455
254,1.0640641000000002,0.9673309999999999,1.0612041,0.9647309999999999,1.0607586000000002,0.964326
255,1.0639802999999999,0.967254818,1.0611041,0.9646400909999999,1.0607333,0.964303
256,1.0639979,0.9672708179999999,1.060973,0.9645209090000001,1.0606208000000001,0.964200727
257,1.064043,0.967311818,1.0609528,0.964502545,1.0605993,0.964181182
258,1.0639125,0.967193182,1.0608748,0.9644316359999999,1.0604181000000001,0.964016455
259,1.0640801000000002,0.967345545,1.0608488,0.964408,1.0604424,0.964038545
260,1.0638833,0.967166636,1.0607872999999999,0.964352091,1.0603118999999999,0.963919909
261,1.0637295,0.967026818,1.0607071000000001,0.9642791820000001,1.0603676000000002,0.963970545
262,1.0637549,0.9670499090000001,1.0607133999999998,0.9642849090000001,1.0602895,0.963899545
263,1.0636709,0.966973545,1.0606391000000002,0.964217364,1.0601809,0.963800818
264,1.0635687,0.966880636,1.0605572,0.9641429090000001,1.0601503,0.963773
265,1.0635469,0.966860818,1.06056,0.964145455,1.0601473,0.963770273
266,1.063481,0.966800909,1.0605548999999999,0.964140818,1.0600964,0.963724
267,1.0634826000000002,0.9668023640000001,1.0605346000000002,0.9641223640000001,1.0600716000000001,0.963701455
268,1.0633614,0.9666921820000001,1.0604316999999999,0.964028818,1.0599915000000002,0.9636286359999999
269,1.0633316000000002,0.966665091,1.0602631999999999,0.9638756359999999,1.059949,0.96359
270,1.0632576999999999,0.9665979090000001,1.0601454,0.963768545,1.0597745,0.9634313640000001
271,1.0633537,0.966685182,1.060077,0.9637063640000001,1.0598561000000002,0.963505545
272,1.0633443999999999,0.9666767270000001,1.0601102,0.963736545,1.0598246999999998,0.963477
273,1.0631685,0.966516818,1.0600666,0.963696909,1.0596732,0.963339273
274,1.0631694999999999,0.966517727,1.0600644,0.9636949090000001,1.0596833,0.963348455
275,1.0629802,0.9663456359999999,1.0600671999999998,0.963697455,1.0597157,0.9633779090000001
276,1.0629302999999999,0.966300273,1.0600116000000002,0.963646909,1.0595933000000002,0.963266636
277,1.0628826999999998,0.9662569999999999,1.0599191000000001,0.963562818,1.0595902,0.9632638179999999
278,1.0628831,0.9662573640000001,1.059836,0.9634872729999999,1.0595789,0.963253545
279,1.0628989,0.9662717270000001,1.0597712,0.9634283640000001,1.0594894,0.963172182
280,1.0628958,0.9662689090000001,1.0596358000000001,0.963305273,1.0594118000000001,0.963101636
281,1.0627673999999998,0.9661521820000001,1.0596246,0.963295091,1.0593296,0.9630269090000001
282,1.0628228000000002,0.966202545,1.0594978000000002,0.963179818,1.0592813,0.962983
283,1.0626669,0.966060818,1.0583049999999998,0.962095455,1.0592403000000001,0.962945727
284,1.0627334,0.966121273,1.0594398999999999,0.963127182,1.0592127,0.9629206359999999
285,1.0626752,0.9660683640000001,1.0593343000000002,0.963031182,1.0590841,0.962803727
286,1.0626247,0.966022455,1.0593886000000001,0.963080545,1.0589841999999998,0.9627129090000001
287,1.0625129999999998,0.965920909,1.0593268999999998,0.963024455,1.0589813,0.962710273
288,1.0624056999999998,0.965823364,1.0592197,0.9629270000000001,1.0588905,0.962627727
289,1.062292,0.96572,1.0591871000000002,0.962897364,1.058871,0.9626100000000001
290,1.0623573,0.9657793640000001,1.0591003,0.962818455,1.0587716,0.9625196359999999
291,1.0623153,0.965741182,1.0590605,0.962782273,1.0586706,0.962427818
292,1.0622003,0.9656366359999999,1.0589877,0.9627160909999999,1.0586401,0.9624000909999999
293,1.0622679,0.9656980909999999,1.058966,0.962696364,1.0585459,0.962314455
294,1.0620611999999998,0.965510182,1.0589157,0.9626506359999999,1.058548,0.9623163640000001
295,1.0621733999999998,0.965612182,1.0588342,0.962576545,1.0585451000000001,0.9623137270000001
296,1.0619129999999999,0.965375455,1.0587883,0.962534818,1.0585792,0.9623447270000001
297,1.0618418,0.965310727,1.0587984,0.9625440000000001,1.0583543,0.9621402729999999
298,1.0617454,0.9652230909999999,1.0587408999999999,0.9624917270000001,1.0582989,0.962089909
299,1.0617045,0.965185909,1.058682,0.962438182,1.0583616000000002,0.9621469090000001
300,1.0616308,0.9651189090000001,1.058609,0.9623718179999999,1.05827,0.9620636359999999
301,1.0616983,0.965180273,1.058562,0.962329091,1.0582263,0.962023909
302,1.0616899,0.9651726359999999,1.0584346000000002,0.9622132729999999,1.0581375,0.9619431820000001
303,1.0616865,0.965169545,1.0584483999999998,0.962225818,1.0581056,0.961914182
304,1.0616916,0.965174182,1.0584588,0.962235273,1.0580886999999999,0.961898818
305,1.0616522,0.9651383640000001,1.0584962,0.962269273,1.0580171,0.961833727
306,1.0614077,0.964916091,1.0583277,0.962116091,1.0579159,0.961741727
307,1.0613986,0.9649078179999999,1.0583303999999998,0.962118545,1.0579368,0.961760727
308,1.0614421,0.964947364,1.0582105,0.962009545,1.0577925,0.961629545
309,1.061324,0.9648399999999999,1.058133,0.961939091,1.0577601,0.961600091
310,1.0612496,0.9647723640000001,1.0580653,0.961877545,1.0576742000000001,0.961522
311,1.0612042,0.964731091,1.0580466,0.961860545,1.0576404,0.9614912729999999
312,1.0612645,0.964785909,1.0578707,0.9617006359999999,1.0576111000000001,0.961464636
313,1.0610216000000001,0.964565091,1.0578555,0.961686818,1.0576108,0.961464364
314,1.0611793999999999,0.964708545,1.0577244,0.961567636,1.0574348999999998,0.961304455
315,1.061065,0.964604545,1.0577656000000002,0.9616050909999999,1.0574222,0.9612929090000001
316,1.0609462,0.964496545,1.0577246,0.961567818,1.0572777,0.961161545
317,1.0607636999999999,0.9643306359999999,1.0576741000000003,0.961521909,1.0571482,0.9610438179999999
318,1.0607175,0.9642886359999999,1.0576104,0.961464,1.0570948,0.960995273
319,1.060782,0.964347273,1.0574503,0.961318455,1.0570118,0.9609198179999999
320,1.060789,0.9643536359999999,1.0574324,0.9613021820000001,1.056975,0.960886364
321,1.0608261,0.964387364,1.0573944,0.961267636,1.0568476,0.960770545
322,1.0607017,0.964274273,1.0572774,0.961161273,1.056841,0.960764545
323,1.0606413000000001,0.9642193640000001,1.0572257999999999,0.961114364,1.0566916000000002,0.960628727
324,1.0605674999999999,0.964152273,1.0572238999999999,0.961112636,1.0566354,0.9605776359999999
325,1.0605277,0.964116091,1.0571525,0.9610477270000001,1.0567303999999997,0.960664
326,1.0604582,0.9640529090000001,1.0570562,0.960960182,1.0565870000000002,0.960533636
327,1.0605065,0.964096818,1.0570713,0.960973909,1.056497,0.960451818
328,1.0604038999999998,0.964003545,1.0570202,0.960927455,1.056401,0.960364545
329,1.0602801000000002,0.9638909999999999,1.0569096000000002,0.960826909,1.0563208999999998,0.960291727
330,1.0602409,0.963855364,1.0569019,0.960819909,1.0563582,0.960325636
331,1.0601038,0.9637307270000001,1.0568138,0.960739818,1.0563871999999999,0.9603520000000001
332,1.0600773000000001,0.963706636,1.0567388999999998,0.960671727,1.0563161,0.960287364
333,1.060003,0.9636390909999999,1.0567565,0.960687727,1.0562636,0.960239636
334,1.0598834,0.963530364,1.0566493000000001,0.960590273,1.0561823000000001,0.960165727
335,1.059796,0.9634509090000001,1.0566251,0.9605682729999999,1.056227,0.960206364
336,1.0599163,0.963560273,1.0564746,0.960431455,1.0561343,0.9601220909999999
337,1.0599331,0.963575545,1.0563768,0.960342545,1.0560492,0.960044727
338,1.0599192,0.9635629090000001,1.0563496,0.9603178179999999,1.0559538999999998,0.959958091
339,1.059626,0.9632963640000001,1.0562707,0.9602460909999999,1.0559767,0.959978818
340,1.0597368,0.9633970909999999,1.056155,0.960140909,1.0558761,0.9598873640000001
341,1.0596371999999998,0.963306545,1.0560443000000002,0.9600402729999999,1.0558321000000002,0.959847364
342,1.0595986000000002,0.963271455,1.0559332000000001,0.9599392729999999,1.0557543,0.959776636
343,1.0595719,0.963247182,1.0559571,0.9599610000000001,1.0557863,0.959805727
344,1.0595132999999999,0.963193909,1.0557438000000001,0.9597670909999999,1.0557013000000002,0.959728455
345,1.0594941,0.963176455,1.055765,0.9597863640000001,1.0555708000000001,0.959609818
346,1.0594611999999999,0.963146545,1.0557056999999999,0.959732455,1.0554994,0.9595449090000001
347,1.0594975,0.963179545,1.0555261,0.9595691820000001,1.055441,0.9594918179999999
348,1.0594748999999999,0.963159,1.0555357,0.9595779090000001,1.0554271000000002,0.959479182
349,1.0593899,0.963081727,1.0555569,0.959597182,1.055331,0.959391818
350,1.0592226,0.9629296359999999,1.0554293,0.959481182,1.0552348,0.9593043640000001
351,1.059069,0.9627899999999999,1.0554146999999998,0.959467909,1.0552028,0.9592752729999999
352,1.0590839,0.962803545,1.0554638,0.959512545,1.055092,0.959174545
353,1.0590308000000002,0.962755273,1.0554302,0.959482,1.0550257,0.959114273
354,1.0589893999999997,0.9627176359999999,1.0553291999999999,0.959390182,1.0549158,0.9590143640000001
355,1.0589754999999998,0.9627049999999999,1.0552171000000001,0.959288273,1.0549513000000001,0.959046636
356,1.0589045,0.962640455,1.0550911,0.959173727,1.0548669,0.958969909
357,1.0588777,0.9626160909999999,1.0550238,0.959112545,1.0548553,0.958959364
358,1.0588496,0.962590545,1.0548601999999998,0.958963818,1.0547149,0.9588317270000001
359,1.0587289,0.962480818,1.0549287,0.9590260909999999,1.0545098999999998,0.9586453640000001
360,1.0586753,0.9624320909999999,1.0549061000000002,0.959005545,1.0546349,0.958759
361,1.0586122,0.962374727,1.0550051999999999,0.9590956359999999,1.054682,0.958801818
362,1.058486,0.96226,1.0549266000000002,0.9590241820000001,1.0544688,0.958608
363,1.0585705,0.9623368179999999,1.0549057,0.9590051820000001,1.0543871,0.9585337270000001
364,1.058434,0.962212727,1.0548146999999999,0.958922455,1.0545188,0.958653455
365,1.0583745,0.962158636,1.0547597,0.958872455,1.054451,0.9585918179999999
366,1.0583664,0.9621512729999999,1.0547309,0.9588462729999999,1.0544506,0.958591455
367,1.0582681999999999,0.9620620000000001,1.0546507,0.958773364,1.0543497,0.9584997270000001
368,1.0581743000000001,0.9619766359999999,1.0545818,0.958710727,1.0543063,0.9584602729999999
369,1.0581604,0.9619639999999999,1.0544661,0.958605545,1.0541379,0.958307182
370,1.0582098,0.962008909,1.0543268,0.9584789090000001,1.0538902,0.958082
371,1.0580568000000001,0.9618698179999999,1.0543678,0.958516182,1.0539011999999999,0.958092
372,1.0580946000000002,0.961904182,1.054306,0.9584600000000001,1.0539173000000002,0.9581066359999999
373,1.0582402,0.962036545,1.0542194999999999,0.9583813640000001,1.0538437,0.9580397270000001
374,1.0581148999999999,0.9619226359999999,1.0541786,0.958344182,1.0538443000000002,0.9580402729999999
375,1.0580391000000002,0.961853727,1.0540785,0.958253182,1.0537963,0.957996636
376,1.0579739,0.961794455,1.0540603000000002,0.958236636,1.0537094,0.9579176359999999
377,1.0579823999999998,0.961802182,1.0539795,0.9581631820000001,1.0536927,0.957902455
378,1.0579516000000002,0.961774182,1.0539223999999998,0.958111273,1.0536853000000002,0.957895727
379,1.0578345,0.961667727,1.0537385,0.9579440909999999,1.0535713,0.957792091
380,1.0576552,0.961504727,1.0538039,0.958003545,1.0535207,0.957746091
381,1.0575852,0.961441091,1.0537223999999998,0.957929455,1.0534649999999999,0.957695455
382,1.0575999,0.961454455,1.0536518999999998,0.9578653640000001,1.0534332,0.957666545
383,1.0575645,0.9614222729999999,1.0535809999999999,0.957800909,1.0533366000000002,0.957578727
384,1.057605,0.9614590909999999,1.0533787000000001,0.957617,1.0533208,0.9575643640000001
385,1.0575818000000001,0.9614379999999999,1.0534769,0.957706273,1.0531976,0.9574523640000001
386,1.0575681000000001,0.961425545,1.0533546,0.957595091,1.0531243000000001,0.957385727
387,1.0575522,0.961411091,1.0532399,0.957490818,1.0531008999999998,0.957364455
388,1.0575169,0.9613790000000001,1.0531616000000001,0.9574196359999999,1.0530385,0.957307727
389,1.0574065000000001,0.961278636,1.0531044,0.957367636,1.0530144,0.957285818
390,1.0574591999999998,0.961326545,1.0530989,0.9573626359999999,1.0528701999999999,0.957154727
391,1.0572795,0.9611631820000001,1.0530218999999998,0.9572926359999999,1.0528095,0.957099545
392,1.0573295,0.961208636,1.0529233,0.957203,1.0527471000000002,0.957042818
393,1.0573648000000002,0.9612407270000001,1.0528764,0.957160364,1.0527892,0.9570810909999999
394,1.057425,0.961295455,1.052762,0.957056364,1.052617,0.956924545
395,1.0572872,0.961170182,1.0527669,0.957060818,1.052657,0.9569609090000001
396,1.0573558,0.961232545,1.0527461999999999,0.9570420000000001,1.0526115,0.956919545
397,1.0572916,0.961174182,1.0526143000000001,0.9569220909999999,1.0525514999999999,0.956865
398,1.0571805,0.961073182,1.0526371,0.9569428179999999,1.0524851,0.956804636
399,1.0570428,0.9609479999999999,1.0524908000000002,0.956809818,1.0523688,0.9566989090000001
400,1.0571491000000002,0.9610446359999999,1.0524002000000001,0.956727455,1.0521835,0.956530455
401,1.057109,0.961008182,1.052309,0.956644545,1.0521187,0.956471545
402,1.0570002,0.960909273,1.0521996999999998,0.956545182,1.0521312,0.9564829090000001
403,1.0570034,0.9609121820000001,1.0521516000000002,0.956501455,1.0521855,0.956532273
404,1.0569241000000003,0.9608400909999999,1.0520764999999999,0.956433182,1.0520432,0.956402909
405,1.0568066,0.960733273,1.052008,0.9563709090000001,1.0519450000000001,0.956313636
406,1.0567592,0.960690182,1.0519595,0.956326818,1.0519290000000001,0.956299091
407,1.0568403999999998,0.960764,1.0519178,0.9562889090000001,1.0518581,0.9562346359999999
408,1.0568473,0.960770273,1.0517833,0.956166636,1.0517385000000001,0.956125909
409,1.0567514,0.9606830909999999,1.0516958,0.9560870909999999,1.0516716999999998,0.956065182
410,1.056934,0.9608490909999999,1.0516218000000002,0.956019818,1.0515761000000001,0.9559782729999999
411,1.0568902,0.960809273,1.0515317,0.9559379090000001,1.0514596999999999,0.955872455
412,1.0568163000000002,0.960742091,1.0514814,0.955892182,1.0514576,0.955870545
413,1.0567008999999998,0.960637182,1.0514032,0.9558210909999999,1.0515125,0.955920455
414,1.0564704,0.9604276359999999,1.0513705,0.9557913640000001,1.0513794,0.955799455
415,1.0566093,0.960553909,1.0512407,0.955673364,1.0513002,0.955727455
416,1.0565147,0.960467909,1.0511053,0.955550273,1.0512495000000002,0.955681364
417,1.0564188,0.960380727,1.0511297,0.955572455,1.0511653,0.955604818
418,1.0564013,0.960364818,1.0510731000000002,0.955521,1.0510857,0.955532455
419,1.0563273000000002,0.960297545,1.051,0.955454545,1.0509149,0.955377182
420,1.0562854,0.960259455,1.0508494,0.955317636,1.0508562,0.955323818
421,1.0563268999999997,0.960297182,1.0507753999999998,0.9552503640000001,1.0508636999999998,0.9553306359999999
422,1.056124,0.960112727,1.0506623,0.955147545,1.0507549999999999,0.955231818
423,1.0561764,0.960160364,1.0507176999999999,0.955197909,1.0506195,0.955108636
424,1.0561521999999999,0.9601383640000001,1.0494177,0.954016091,1.0506138999999999,0.955103545
425,1.0561392,0.960126545,1.0506376,0.955125091,1.0505666,0.955060545
426,1.0560653,0.960059364,1.0505027,0.955002455,1.0505124,0.955011273
427,1.0560534,0.960048545,1.0504797,0.954981545,1.0504022,0.9549110909999999
428,1.0559905,0.9599913640000001,1.0503231000000002,0.9548391820000001,1.0502613,0.9547829999999999
429,1.055994,0.959994545,1.0502412,0.954764727,1.0501969999999998,0.954724545
430,1.0560333999999998,0.9600303640000001,1.0501563999999999,0.954687636,1.0502625,0.954784091
431,1.0557652,0.959786545,1.0500915000000002,0.9546286359999999,1.0501319,0.954665364
432,1.0558435,0.959857727,1.0499829,0.954529909,1.0500558999999998,0.9545962729999999
433,1.0556631,0.959693727,1.0500003999999998,0.9545458179999999,1.0499040000000002,0.954458182
434,1.0555658,0.959605273,1.0497949,0.9543590000000001,1.049841,0.9544009090000001
435,1.0555454,0.959586727,1.0498093000000002,0.954372091,1.0498053,0.954368455
436,1.0554792,0.959526545,1.0496416000000002,0.9542196359999999,1.0497611,0.954328273
437,1.055491,0.959537273,1.0496453000000001,0.9542229999999999,1.0496367,0.954215182
438,1.0554501,0.9595000909999999,1.049572,0.954156364,1.0494553,0.954050273
439,1.0553398,0.959399818,1.0494553999999998,0.9540503640000001,1.0494198000000001,0.954018
440,1.0551674,0.9592430909999999,1.0493127,0.953920636,1.0493746000000002,0.9539769090000001
441,1.0551358,0.959214364,1.0492966000000001,0.9539059999999999,1.049316,0.953923636
442,1.0552121,0.959283727,1.0491298,0.953754364,1.0491873999999999,0.953806727
443,1.0552329,0.959302636,1.0490887,0.953717,1.0491245,0.953749545
444,1.0551355,0.959214091,1.0489458999999999,0.953587182,1.0489807,0.9536188179999999
445,1.0548861,0.9589873640000001,1.0488423999999998,0.9534930909999999,1.0488731000000002,0.953521
446,1.0550086,0.959098727,1.0487765,0.953433182,1.0488058,0.953459818
447,1.0549339,0.959030818,1.048613,0.953284545,1.0486739,0.9533399090000001
448,1.0548476,0.9589523640000001,1.048522,0.9532018179999999,1.0485233,0.953203
449,1.0546218,0.958747091,1.0484189,0.9531080909999999,1.0483806999999998,0.9530733640000001
450,1.0547136000000001,0.958830545,1.0483700999999999,0.9530637270000001,1.0483731,0.953066455
451,1.0543875,0.958534091,1.0483281999999998,0.9530256359999999,1.0484231,0.9531119090000001
452,1.0544145,0.9585586359999999,1.048297,0.9529972729999999,1.0483158000000001,0.9530143640000001
453,1.054315,0.9584681820000001,1.0483087,0.9530079090000001,1.0482837999999999,0.952985273
454,1.054183,0.958348182,1.0481936,0.952903273,1.0481762,0.952887455
455,1.0540767,0.958251545,1.0481775,0.952888636,1.0481566,0.952869636
456,1.0540138000000001,0.958194364,1.0481331,0.952848273,1.0480328,0.952757091
457,1.054031,0.95821,1.0480475,0.952770455,1.0480094000000002,0.952735818
458,1.0539209999999999,0.95811,1.0480726,0.9527932729999999,1.0478844999999999,0.952622273
459,1.0537047,0.957913364,1.0480061999999999,0.9527329090000001,1.0477992,0.952544727
460,1.0537153000000001,0.957923,1.0478216,0.952565091,1.0478183,0.9525620909999999
461,1.0536017,0.9578197270000001,1.0477918,0.9525379999999999,1.0476781,0.9524346359999999
462,1.0534261,0.9576600909999999,1.0476818,0.9524379999999999,1.0476192,0.9523810909999999
463,1.053318,0.957561818,1.0475584999999998,0.952325909,1.0475982,0.952362
464,1.0532428,0.957493455,1.047515,0.9522863640000001,1.0475676,0.9523341820000001
465,1.0532236000000001,0.957476,1.0474125,0.952193182,1.0474128,0.952193455
466,1.0532135,0.957466818,1.0472898000000002,0.952081636,1.0473945,0.952176818
467,1.0534533000000001,0.9576848179999999,1.0472099,0.952009,1.0472411,0.952037364
468,1.0533204,0.957564,1.0471206,0.9519278179999999,1.0471021999999999,0.9519110909999999
469,1.0533999,0.957636273,1.0469959,0.951814455,1.0470585,0.951871364
470,1.0532626,0.957511455,1.0469357,0.951759727,1.046975,0.951795455
471,1.0532258999999997,0.9574780909999999,1.0469161,0.9517419090000001,1.0468838,0.951712545
472,1.0532158999999999,0.957469,1.0467575999999998,0.951597818,1.0468496999999999,0.951681545
473,1.0533477,0.957588818,1.0465871,0.951442818,1.0467279,0.951570818
474,1.0532193,0.957472091,1.0464425,0.951311364,1.046597,0.951451818
475,1.0531958000000001,0.957450727,1.0464109000000001,0.951282636,1.0465083,0.951371182
476,1.0532197,0.957472455,1.0463535,0.951230455,1.046361,0.9512372729999999
477,1.0529081,0.957189182,1.0461875,0.951079545,1.0463146,0.951195091
478,1.0529757,0.9572506359999999,1.0461626,0.9510569090000001,1.0461839,0.951076273
479,1.0529226999999999,0.957202455,1.0460521999999999,0.950956545,1.0461538000000001,0.951048909
480,1.0527587,0.9570533640000001,1.0459572,0.9508701820000001,1.0460736,0.950976
481,1.0526893,0.956990273,1.0458004,0.950727636,1.0459937,0.9509033640000001
482,1.0526335,0.956939545,1.0457683,0.950698455,1.0458628,0.9507843640000001
483,1.0526152,0.9569229090000001,1.045595,0.9505409090000001,1.0457639,0.950694455
484,1.0523736000000001,0.956703273,1.0456351000000002,0.950577364,1.0457216999999999,0.9506560909999999
485,1.0522908000000002,0.956628,1.0455875,0.950534091,1.0455855,0.950532273
486,1.0522853,0.956623,1.045316,0.9502872729999999,1.0455617,0.950510636
487,1.0522377,0.956579727,1.0452609,0.9502371820000001,1.0453907,0.950355182
488,1.0520798999999998,0.956436273,1.0452158,0.950196182,1.0453165,0.9502877270000001
489,1.0518976,0.956270545,1.0451199,0.950109,1.0452132,0.950193818
490,1.051977,0.956342727,1.0450139999999999,0.9500127270000001,1.0450237,0.950021545
491,1.0520783999999999,0.956434909,1.0449179,0.949925364,1.0449499,0.949954455
492,1.0519443000000002,0.956313,1.0448239,0.949839909,1.0449548,0.949958909
493,1.0518796000000001,0.956254182,1.0448232,0.9498392729999999,1.044819,0.949835455
494,1.0517542,0.9561401820000001,1.0446573000000001,0.949688455,1.0446539000000001,0.949685364
495,1.0515847,0.955986091,1.0444578000000002,0.949507091,1.0445248,0.9495680000000001
496,1.0515159,0.955923545,1.0443684000000002,0.9494258179999999,1.0444392,0.949490182
497,1.0514709999999998,0.955882727,1.0442251,0.949295545,1.0442402,0.949309273
498,1.0514535,0.955866818,1.0442201,0.949291,1.044178,0.9492527270000001
499,1.051403,0.955820909,1.0441258,0.949205273,1.0440036,0.9490941820000001
500,1.0513379999999999,0.9557618179999999,1.0440274,0.949115818,1.0438516,0.9489559999999999
501,1.0512732,0.9557029090000001,1.0438868000000001,0.9489879999999999,1.0438151,0.948922818
502,1.0512819,0.955710818,1.0437670000000001,0.9488790909999999,1.0437402,0.9488547270000001
503,1.0512341,0.9556673640000001,1.0437384,0.9488530909999999,1.0436924,0.948811273
504,1.051042,0.955492727,1.043525,0.9486590909999999,1.0436146000000002,0.948740545
505,1.0508325,0.9553022729999999,1.0433639000000001,0.9485126359999999,1.0434736,0.948612364
506,1.050907,0.95537,1.0432985000000001,0.9484531820000001,1.0433428,0.948493455
507,1.0509323,0.955393,1.0431148000000001,0.948286182,1.0431612,0.9483283640000001
508,1.0508714,0.955337636,1.0429653,0.948150273,1.0430194,0.948199455
509,1.0506938,0.955176182,1.0428646000000001,0.948058727,1.0429215,0.948110455
510,1.0507815,0.955255909,1.0425981,0.947816455,1.0427897,0.9479906359999999
511,1.0505084999999998,0.955007727,1.0424780999999999,0.9477073640000001,1.0426090000000001,0.9478263640000001
512,1.0504388,0.954944364,1.042451,0.947682727,1.0424726999999998,0.947702455
513,1.0503037,0.954821545,1.042232,0.947483636,1.0425030999999998,0.9477300909999999
514,1.0503278999999999,0.954843545,1.0422013,0.947455727,1.0423949000000001,0.947631727
515,1.0502118999999999,0.954738091,1.0420669,0.947333545,1.0422577,0.947507
516,1.0500267,0.954569727,1.0419171,0.9471973640000001,1.0421719999999999,0.947429091
517,1.050084,0.954621818,1.0419838,0.947258,1.0421007,0.9473642729999999
518,1.050022,0.954565455,1.0418502,0.947136545,1.0421245000000001,0.9473859090000001
519,1.0499253,0.954477545,1.0417742,0.947067455,1.0420629000000001,0.947329909
520,1.0497506,0.954318727,1.0417913,0.947083,1.0420302,0.947300182
521,1.0498046,0.9543678179999999,1.0415614,0.946874,1.0418288,0.947117091
522,1.0496629,0.954239,1.0415305000000001,0.9468459090000001,1.0418228,0.9471116359999999
523,1.0496159,0.954196273,1.0413991,0.946726455,1.0417835,0.947075909
524,1.0493639,0.9539671820000001,1.0412351,0.946577364,1.0416709000000002,0.946973545
525,1.049104,0.953730909,1.0411525,0.946502273,1.041577,0.946888182
526,1.0491389,0.9537626359999999,1.0410259,0.946387182,1.0415128,0.946829818
527,1.0492156000000001,0.953832364,1.0410137,0.946376091,1.0413873,0.9467157270000001
528,1.0492013999999998,0.953819455,1.0408247,0.946204273,1.0412040999999999,0.946549182
529,1.0491025,0.953729545,1.0406865,0.946078636,1.0411025999999999,0.946456909
530,1.0489556999999998,0.953596091,1.0405813,0.945983,1.0409552,0.946322909
531,1.0487794,0.953435818,1.0405253,0.945932091,1.040837,0.946215455
532,1.0487893,0.9534448179999999,1.0404533,0.945866636,1.0406938000000001,0.946085273
533,1.0488256999999999,0.9534779090000001,1.0402726,0.9457023640000001,1.0405306,0.945936909
534,1.0487903,0.9534457270000001,1.0401534,0.945594,1.0404235000000002,0.945839545
535,1.0489211999999999,0.9535647270000001,1.0400023,0.945456636,1.0401447,0.9455860909999999
536,1.0489556999999998,0.953596091,1.039854,0.9453218179999999,1.0400352,0.945486545
537,1.0488946000000001,0.953540545,1.0396986,0.945180545,1.0400324,0.945484
538,1.0489286,0.953571455,1.0395360999999999,0.9450328179999999,1.0399300999999999,0.945391
539,1.0488173,0.953470273,1.0394299999999999,0.944936364,1.0398126,0.9452841820000001
540,1.0489452,0.953586545,1.039287,0.9448063640000001,1.0397356,0.9452141820000001
541,1.0486685,0.953335,1.0391427,0.944675182,1.0394709999999998,0.944973636
542,1.0485903,0.953263909,1.0390686,0.9446078179999999,1.0393552,0.9448683640000001
543,1.0485321,0.953211,1.038886,0.9444418179999999,1.0392575000000002,0.944779545
544,1.0484930000000001,0.953175455,1.0387741,0.9443400909999999,1.0390877,0.944625182
545,1.0484184,0.9531076359999999,1.0386239,0.944203545,1.038972,0.94452
546,1.0484658000000002,0.953150727,1.0385417,0.9441288179999999,1.0389146999999999,0.9444679090000001
547,1.0482517,0.9529560909999999,1.0383908000000002,0.9439916359999999,1.0387182,0.944289273
548,1.0482041,0.9529128179999999,1.0383699,0.9439726359999999,1.038649,0.944226364
549,1.0481496,0.952863273,1.0382228,0.9438389090000001,1.0385312,0.944119273
550,1.0481441999999999,0.952858364,1.0381283000000001,0.9437530000000001,1.0383141,0.9439219090000001
551,1.0479339,0.952667182,1.0379453,0.9435866359999999,1.0382748,0.9438861820000001
552,1.0478821,0.9526200909999999,1.0378448,0.943495273,1.0379082,0.9435529090000001
553,1.0478065,0.9525513640000001,1.0377884,0.9434440000000001,1.0382377,0.943852455
554,1.047779,0.952526364,1.0376722,0.943338364,1.0378901,0.943536455
555,1.0476286,0.9523896359999999,1.0375279,0.943207182,1.0378244,0.9434767270000001
556,1.0475756,0.952341455,1.0374647,0.943149727,1.0376836,0.943348727
557,1.0474255,0.952205,1.0373719000000001,0.9430653640000001,1.0377140999999999,0.943376455
558,1.0473477,0.952134273,1.0373017,0.943001545,1.0376091,0.9432809999999999
559,1.0473831,0.952166455,1.0371283000000002,0.942843909,1.0375249,0.943204455
560,1.0471083,0.951916636,1.0370198,0.942745273,1.0373029,0.9430026359999999
561,1.0472466999999999,0.952042455,1.0367396,0.942490545,1.0372568000000002,0.942960727
562,1.0469315000000001,0.9517559090000001,1.0367088,0.942462545,1.0371412,0.9428556359999999
563,1.0469809,0.9518008179999999,1.0366418,0.9424016359999999,1.0368256999999999,0.9425688179999999
564,1.0470263000000002,0.951842091,1.0365825,0.942347727,1.036829,0.942571818
565,1.0467833,0.951621182,1.0364265,0.942205909,1.0367104,0.942464
566,1.0466859,0.9515326359999999,1.0363698000000001,0.9421543640000001,1.0367184,0.942471273
567,1.0465696,0.951426909,1.036237,0.9420336359999999,1.0365105,0.942282273
568,1.0464337,0.951303364,1.0361618000000001,0.941965273,1.0363544,0.942140364
569,1.0464113000000002,0.951283,1.0360209999999999,0.941837273,1.0362347,0.942031545
570,1.0463312,0.9512101820000001,1.0358886,0.941716909,1.0361054,0.9419139999999999
571,1.0461776,0.951070545,1.035859,0.9416899999999999,1.0360759,0.941887182
572,1.0463108,0.9511916359999999,1.0357112,0.9415556359999999,1.035872,0.941701818
573,1.0461794,0.951072182,1.0356083,0.9414620909999999,1.0357436,0.941585091
574,1.0461677,0.951061545,1.0354375,0.9413068179999999,1.0356060999999999,0.9414600909999999
575,1.0461079,0.951007182,1.0352894,0.9411721820000001,1.0354181999999998,0.941289273
576,1.0462241,0.9511128179999999,1.0351139,0.941012636,1.0353104,0.9411912729999999
577,1.0460814,0.9509830909999999,1.0350571,0.940961,1.0350988,0.940998909
578,1.0460238000000002,0.950930727,1.0349509,0.940864455,1.0349692,0.940881091
579,1.0459752,0.950886545,1.0347708,0.9407007270000001,1.0348839,0.940803545
580,1.0458764999999999,0.9507968179999999,1.034585,0.940531818,1.0347812,0.940710182
581,1.0457696,0.950699636,1.0344765,0.940433182,1.0345685,0.940516818
582,1.0456893,0.950626636,1.0343043,0.9402766359999999,1.034493,0.940448182
583,1.0456514000000001,0.9505921820000001,1.0342615,0.9402377270000001,1.0344110999999998,0.940373727
584,1.0455953000000002,0.950541182,1.0342008,0.940182545,1.0342065,0.9401877270000001
585,1.0452819,0.9502562729999999,1.0340651,0.940059182,1.0341272,0.9401156359999999
586,1.0453866,0.950351455,1.0339799,0.939981727,1.033976,0.939978182
587,1.0453583,0.9503257270000001,1.0337847,0.939804273,1.0337825,0.939802273
588,1.0454338,0.9503943640000001,1.0336874,0.9397158179999999,1.0336119000000001,0.9396471820000001
589,1.0452461,0.950223727,1.033578,0.939616364,1.0334502,0.9395001820000001
590,1.0453118000000001,0.950283455,1.0333325,0.939393182,1.0332773000000002,0.939343
591,1.0453198000000001,0.9502907270000001,1.0332574,0.9393249090000001,1.0331622,0.939238364
592,1.0452431,0.9502209999999999,1.0330945,0.939176818,1.032979,0.939071818
593,1.0450544,0.950049455,1.0328543,0.938958455,1.0327936,0.938903273
594,1.0449407,0.9499460909999999,1.0326579,0.9387799090000001,1.0326786000000001,0.938798727
595,1.0446281,0.949661909,1.0325692,0.938699273,1.032475,0.9386136359999999
596,1.0446858,0.9497143640000001,1.0324423,0.9385839090000001,1.0323424,0.9384930909999999
597,1.0446758,0.949705273,1.0323368,0.9384879999999999,1.0321368,0.938306182
598,1.0445188,0.949562545,1.0321958,0.938359818,1.0319291,0.938117364
599,1.0444806999999998,0.9495279090000001,1.0320174000000002,0.938197636,1.0317922,0.9379929090000001
600,1.0444432,0.949493818,1.0318854,0.9380776359999999,1.0316358,0.937850727
601,1.0443383,0.949398455,1.0317657,0.937968818,1.0315048,0.937731636
602,1.0442741,0.9493400909999999,1.0315976999999998,0.937816091,1.0313301,0.9375728179999999
603,1.0441706,0.9492459999999999,1.0314089,0.937644455,1.0311664,0.9374239999999999
604,1.0440899,0.9491726359999999,1.0313314,0.937574,1.0309962,0.937269273
605,1.0441073,0.949188455,1.0310515,0.937319545,1.030856,0.937141818
606,1.0439978,0.9490889090000001,1.0309685,0.937244091,1.0306681,0.9369709999999999
607,1.0439114999999999,0.949010455,1.0307728,0.937066182,1.0304487,0.936771545
608,1.0438501,0.948954636,1.0306143,0.9369220909999999,1.0301691,0.9365173640000001
609,1.0437118,0.948828909,1.0304956,0.936814182,1.0301064,0.9364603640000001
610,1.0435821,0.9487110000000001,1.0302963,0.9366329999999999,1.0299929,0.9363571820000001
611,1.0434128,0.948557091,1.0301383,0.936489364,1.0298007,0.936182455
612,1.0435133,0.948648455,1.0299970999999999,0.9363610000000001,1.0295959000000001,0.935996273
613,1.0432867000000001,0.948442455,1.0297937,0.936176091,1.0294937,0.9359033640000001
614,1.0433085,0.948462273,1.0296763,0.9360693640000001,1.0292588,0.935689818
615,1.043308,0.948461818,1.0295299,0.9359362729999999,1.0291337999999999,0.935576182
616,1.0430416,0.9482196359999999,1.0293185,0.9357440909999999,1.0289694,0.9354267270000001
617,1.0429858,0.9481689090000001,1.0292003,0.9356366359999999,1.028702,0.935183636
618,1.043005,0.9481863640000001,1.0290269,0.9354790000000001,1.0284944,0.934994909
619,1.0430027,0.948184273,1.0287975,0.935270455,1.028355,0.934868182
620,1.0429176,0.948106909,1.0286523,0.935138455,1.0280787,0.934617
621,1.0427368000000001,0.947942545,1.0283993,0.934908455,1.0279205,0.9344731820000001
622,1.0427163000000002,0.947923909,1.0282973,0.934815727,1.0277437,0.934312455
623,1.0427175,0.947925,1.0280886,0.9346260000000001,1.0276115,0.934192273
624,1.0422552999999999,0.947504818,1.0279312,0.9344829090000001,1.027436,0.9340327270000001
625,1.0423958,0.947632545,1.0277976999999998,0.934361545,1.0272199,0.9338362729999999
626,1.0423193000000002,0.9475629999999999,1.0275099,0.9340999090000001,1.0269172,0.933561091
627,1.0422689,0.947517182,1.0273889999999999,0.93399,1.0267038,0.9333670909999999
628,1.0422703000000002,0.947518455,1.0271569,0.9337790000000001,1.026508,0.9331890909999999
629,1.0422426,0.947493273,1.0269268,0.9335698179999999,1.0262581,0.9329619090000001
630,1.0418907,0.9471733640000001,1.0267792,0.9334356359999999,1.0260153,0.932741182
631,1.0419555,0.947232273,1.0266065999999998,0.933278727,1.0258198,0.932563455
632,1.0417738,0.947067091,1.0264155000000001,0.933105,1.0254497999999999,0.9322270909999999
633,1.0418946,0.9471769090000001,1.026256,0.93296,1.0252835,0.932075909
634,1.0416738,0.946976182,1.026055,0.932777273,1.0250099,0.931827182
635,1.0417349,0.947031727,1.0258216999999998,0.932565182,1.0249504,0.9317730909999999
636,1.0415294,0.9468449090000001,1.0255742,0.932340182,1.0246904000000001,0.931536727
637,1.041482,0.946801818,1.025349,0.932135455,1.0244236999999998,0.931294273
638,1.0413252,0.946659273,1.025175,0.931977273,1.0242003,0.9310911820000001
639,1.0413033,0.946639364,1.0249763,0.931796636,1.0239205,0.930836818
640,1.0411488000000002,0.9464989090000001,1.0246722,0.931520182,1.0236804,0.930618545
641,1.0411361,0.9464873640000001,1.0245737,0.931430636,1.0234572,0.930415636
642,1.0410461,0.946405545,1.0243152,0.931195636,1.0232299999999999,0.9302090909999999
643,1.0409242,0.9462947270000001,1.0239544,0.9308676359999999,1.0228184,0.9298349090000001
644,1.0407482,0.946134727,1.0238261999999998,0.930751091,1.0227314,0.929755818
645,1.0407521,0.946138273,1.0235690999999998,0.9305173640000001,1.0225953,0.929632091
646,1.0405307,0.945937,1.0234013000000002,0.9303648179999999,1.0223546000000001,0.929413273
647,1.0405765999999999,0.9459787270000001,1.0231924000000001,0.9301749090000001,1.0220497,0.9291360909999999
648,1.0404875,0.9458977270000001,1.0229853000000002,0.929986636,1.0218366,0.9289423640000001
649,1.0405351999999999,0.9459410909999999,1.0226865,0.929715,1.0215687,0.928698818
650,1.0402131,0.945648273,1.0224764000000002,0.929524,1.0212945,0.928449545
651,1.0403125,0.945738636,1.0222361,0.929305545,1.021083,0.9282572729999999
652,1.0403159,0.945741727,1.0220073,0.929097545,1.0208868,0.928078909
653,1.0401144,0.945558545,1.0217509,0.928864455,1.0205232,0.927748364
654,1.0400965,0.9455422729999999,1.0215038,0.928639818,1.020347,0.927588182
655,1.0400929,0.9455389999999999,1.0212405999999998,0.928400545,1.0199931,0.927266455
656,1.0399704,0.9454276359999999,1.0209353,0.9281229999999999,1.0197023,0.927002091
657,1.0397655000000001,0.945241364,1.0206707,0.927882455,1.0193198,0.926654364
658,1.039798,0.9452709090000001,1.0204252,0.927659273,1.0191274,0.926479455
659,1.0395326999999999,0.945029727,1.0202715,0.927519545,1.0188388000000002,0.9262170909999999
660,1.0395796,0.945072364,1.0199929,0.927266273,1.0185096,0.925917818
661,1.0394152,0.9449229090000001,1.0196309000000001,0.9269371820000001,1.0181642,0.925603818
662,1.0391614,0.944692182,1.0192857,0.926623364,1.0178665,0.925333182
663,1.0391876,0.944716,1.0189171000000001,0.9262882729999999,1.0174491,0.924953727
664,1.0389034,0.944457636,1.0187041,0.926094636,1.0172223,0.924747545
665,1.039073,0.9446118179999999,1.0183753,0.925795727,1.0167711,0.9243373640000001
666,1.0390903,0.944627545,1.0169035,0.9244577270000001,1.0164672,0.9240610909999999
667,1.0390164000000002,0.9445603640000001,1.0178204,0.925291273,1.0161618000000001,0.923783455
668,1.0389705,0.944518636,1.0174887,0.924989727,1.0158255999999999,0.923477818
669,1.0388205,0.944382273,1.0172287,0.9247533640000001,1.0154665,0.9231513640000001
670,1.0387712,0.944337455,1.0170118000000001,0.924556182,1.0151386999999998,0.9228533640000001
671,1.0385821,0.944165545,1.0165993,0.924181182,1.0147994,0.9225449090000001
672,1.0384343,0.944031182,1.0163318000000001,0.9239379999999999,1.0145215,0.9222922729999999
673,1.0383929,0.943993545,1.0159945,0.923631364,1.0141212,0.9219283640000001
674,1.0382088,0.943826182,1.0155811,0.923255545,1.0138898,0.921718
675,1.0382668,0.943878909,1.0153381,0.9230346359999999,1.0135186999999999,0.921380636
676,1.0381065999999999,0.943733273,1.0150214,0.922746727,1.0130951,0.920995545
677,1.037984,0.943621818,1.0146971,0.9224519090000001,1.01278,0.920709091
678,1.0379636,0.943603273,1.0143871,0.9221700909999999,1.012417,0.9203790909999999
679,1.0379843,0.9436220909999999,1.0140041,0.921821909,1.0121050999999999,0.920095545
680,1.037892,0.9435381820000001,1.0136786,0.9215260000000001,1.0116602,0.9196910909999999
681,1.0376278,0.943298,1.0133036,0.9211850909999999,1.0112681000000001,0.919334636
682,1.0377425,0.943402273,1.0129871,0.9208973640000001,1.0108688,0.918971636
683,1.0373980999999999,0.943089182,1.0125735999999999,0.920521455,1.0104681999999998,0.918607455
684,1.0372787,0.9429806359999999,1.012162,0.920147273,1.0100036000000001,0.9181850909999999
685,1.0371655999999998,0.9428778179999999,1.0117078000000002,0.9197343640000001,1.0095747,0.917795182
686,1.0370591999999998,0.942781091,1.0114555,0.9195049999999999,1.0090955,0.917359545
687,1.0370581,0.9427800909999999,1.0110694,0.9191540000000001,1.0087872,0.9170792729999999
688,1.036775,0.9425227270000001,1.0107753000000002,0.918886636,1.0083833,0.916712091
689,1.0365725000000001,0.9423386359999999,1.0104033000000001,0.918548455,1.0079728000000001,0.916338909
690,1.0365516,0.9423196359999999,1.0099676,0.9181523640000001,1.0075336,0.915939636
691,1.0365434,0.942312182,1.0095528,0.917775273,1.0071649999999999,0.915604545
692,1.0364734,0.942248545,1.0092831,0.9175300909999999,1.0066839,0.915167182
693,1.036294,0.942085455,1.0088807,0.9171642729999999,1.0062732,0.9147938179999999
694,1.0363474,0.942134,1.0085183000000002,0.916834818,1.0058200000000002,0.914381818
695,1.0361158000000001,0.941923455,1.0080668,0.916424364,1.0053853000000001,0.913986636
696,1.0360266,0.9418423640000001,1.0077181999999998,0.916107455,1.0048951,0.9135409999999999
697,1.0358155999999998,0.941650545,1.0073623999999999,0.915784,1.0043488,0.9130443640000001
698,1.0358190999999999,0.941653727,1.0068682,0.9153347270000001,1.0037565,0.9125059090000001
699,1.0356094,0.9414630909999999,1.0064313,0.914937545,1.0032295,0.912026818
700,1.0355999,0.941454455,1.0059993,0.914544818,1.0028397,0.911672455
701,1.0354706,0.9413369090000001,1.0055341999999998,0.9141219999999999,1.0022374,0.9111249090000001
702,1.0353783,0.9412530000000001,1.005067,0.9136972729999999,1.0018185,0.910744091
703,1.0351394,0.941035818,1.0046242,0.913294727,1.0011955,0.910177727
704,1.0350988,0.940998909,1.0041378,0.912852545,1.0006796,0.909708727
705,1.0349642,0.940876545,1.0037194,0.912472182,1.0000671,0.9091519090000001
706,1.0347793,0.940708455,1.003257,0.912051818,0.99946821,0.908607464
707,1.0346779000000002,0.940616273,1.0028138,0.9116489090000001,0.99887532,0.9080684729999999
708,1.0346167,0.940560636,1.0022262,0.9111147270000001,0.99831474,0.907558855
709,1.0344466,0.940406,1.0017653,0.910695727,0.99771625,0.907014773
710,1.0343359,0.9403053640000001,1.001323,0.9102936359999999,0.99709409,0.9064491729999999
711,1.0341786,0.9401623640000001,1.0008435,0.909857727,0.99640614,0.9058237640000001
712,1.0341414,0.940128545,1.0002841999999998,0.909349273,0.99575084,0.9052280359999999
713,1.0339534,0.9399576359999999,0.99986142,0.908964927,0.99520278,0.9047298
714,1.0340874,0.940079455,0.99931264,0.908466036,0.9945668,0.9041516359999999
715,1.0339688,0.9399716359999999,0.99881691,0.908015373,0.99396485,0.903604409
716,1.033906,0.939914545,0.99827904,0.9075264000000001,0.99324125,0.902946591
717,1.0338109,0.939828091,0.99778664,0.9070787640000001,0.99262172,0.902383382
718,1.0336945,0.939722273,0.99720681,0.906551645,0.99193317,0.9017574270000001
719,1.0335597,0.939599727,0.99664599,0.9060418090000001,0.99124283,0.901129845
720,1.0334787,0.939526091,0.99623913,0.905671936,0.99060911,0.900553736
721,1.0334184000000002,0.939471273,0.99561656,0.9051059640000001,0.98974824,0.8997711270000001
722,1.0334038,0.939458,0.99510074,0.9046370359999999,0.98905444,0.8991404000000001
723,1.0332611999999999,0.9393283640000001,0.9944858,0.904078,0.98830724,0.898461127
724,1.0332462,0.9393147270000001,0.99396926,0.903608418,0.9876278000000001,0.897843455
725,1.0329422,0.9390383640000001,0.9933545,0.903049545,0.98689723,0.8971793
726,1.0327515999999999,0.9388650909999999,0.99286288,0.902602618,0.98615688,0.896506255
727,1.0327488999999999,0.938862636,0.99226642,0.902060382,0.98542804,0.895843673
728,1.0326424,0.9387658179999999,0.99166501,0.901513645,0.98460585,0.895096227
729,1.0325159,0.9386508179999999,0.99100977,0.900917973,0.98385221,0.8944110999999999
730,1.0324303,0.938573,0.99042106,0.900382782,0.98298043,0.8936185729999999
731,1.0322559,0.938414455,0.98977226,0.8997929640000001,0.98210692,0.892824473
732,1.0321068000000002,0.9382789090000001,0.98929542,0.899359473,0.98132163,0.892110573
733,1.0320517,0.938228818,0.98867369,0.8987942640000001,0.98037344,0.891248582
734,1.0319438,0.938130727,0.98809814,0.8982710359999999,0.97953093,0.8904826640000001
735,1.0319456,0.9381323640000001,0.98741829,0.897652991,0.97864872,0.889680655
736,1.0316796,0.937890545,0.98677236,0.897065782,0.97780246,0.8889113270000001
737,1.0314756999999999,0.9377051820000001,0.98617226,0.896520236,0.97684193,0.888038118
738,1.0312438,0.9374943640000001,0.98547864,0.895889673,0.97591716,0.887197418
739,1.0311612,0.9374192729999999,0.9847796,0.8952541820000001,0.97489721,0.8862701909999999
740,1.0311004000000001,0.937364,0.98415637,0.8946876090000001,0.97389448,0.8853586179999999
741,1.0309473,0.937224818,0.98347801,0.8940709179999999,0.97294563,0.8844960270000001
742,1.0306853,0.936986636,0.98276722,0.893424745,0.97192949,0.8835722640000001
743,1.0305461999999999,0.936860182,0.98198849,0.8927168090000001,0.97089756,0.882634145
744,1.0305318,0.936847091,0.9813415999999999,0.892128727,0.96996093,0.881782664
745,1.0303533999999999,0.936684909,0.98049909,0.8913628090000001,0.96881604,0.880741855
746,1.0301173000000001,0.936470273,0.97973931,0.8906721,0.96778941,0.879808555
747,1.0301261,0.936478273,0.979002,0.890001818,0.96663201,0.878756373
748,1.0300529,0.9364117270000001,0.97825295,0.8893208640000001,0.96561688,0.8778335270000001
749,1.0299261,0.936296455,0.97748607,0.8886236999999999,0.96445411,0.8767764640000001
750,1.0298121,0.936192818,0.9766806999999998,0.887891545,0.96330386,0.875730782
751,1.0296235999999999,0.936021455,0.97595483,0.8872316640000001,0.96217978,0.8747088909999999
752,1.0294845,0.935895,0.97507322,0.8864302,0.96099269,0.873629718
753,1.0294290000000001,0.935844545,0.97435498,0.885777255,0.95993847,0.8726713359999999
754,1.0293499,0.9357726359999999,0.973593,0.885084545,0.95865995,0.871509045
755,1.0290414,0.9354921820000001,0.97272265,0.884293318,0.95753032,0.8704821090000001
756,1.0286826,0.9351659999999999,0.97195709,0.883597355,0.95638078,0.869437073
757,1.0286992,0.9351810909999999,0.9709574000000001,0.882688545,0.95518631,0.8683511909999999
758,1.0284904000000001,0.934991273,0.9702238999999999,0.882021727,0.95389652,0.867178655
759,1.0283917999999999,0.934901636,0.96936709,0.8812428090000001,0.95269984,0.8660907640000001
760,1.0281917,0.9347197270000001,0.96838641,0.880351282,0.95141959,0.8649269
761,1.0279771999999998,0.934524727,0.96745867,0.8795078820000001,0.95014715,0.863770136
762,1.027815,0.934377273,0.96653193,0.878665391,0.948852,0.862592727
763,1.0277317,0.934301545,0.96558696,0.877806327,0.94759023,0.8614456640000001
764,1.0276107,0.934191545,0.96454293,0.8768572090000001,0.94630831,0.8602802820000001
765,1.0273821,0.933983727,0.96365649,0.876051355,0.94494998,0.8590454359999999
766,1.027195,0.9338136359999999,0.96266884,0.875153491,0.94371003,0.857918209
767,1.0269235,0.933566818,0.96159041,0.8741730999999999,0.94232506,0.856659145
768,1.026965,0.933604545,0.96056283,0.8732389359999999,0.9410252,0.855477455
769,1.0267716999999998,0.933428818,0.95945323,0.872230209,0.93969303,0.8542663909999999
770,1.0266141,0.933285545,0.95838147,0.871255882,0.93835711,0.853051918
771,1.0265222999999999,0.933202091,0.95741546,0.870377691,0.93702644,0.8518422179999999
772,1.0264038,0.933094364,0.95632887,0.869389882,0.93558109,0.850528264
773,1.0263136999999998,0.933012455,0.95518816,0.868352873,0.93429148,0.849355891
774,1.0262223,0.932929364,0.95402902,0.8672991090000001,0.93285787,0.848052609
775,1.0259345,0.932667727,0.95287251,0.8662477359999999,0.93154818,0.8468619820000001
776,1.0258281999999999,0.9325710909999999,0.95173013,0.8652092090000001,0.93013728,0.845579345
777,1.0256334999999999,0.9323940909999999,0.95055085,0.864137136,0.92881745,0.8443795000000001
778,1.0255089,0.932280818,0.94924563,0.862950573,0.92749727,0.843179336
779,1.0255396,0.932308727,0.94819081,0.861991645,0.92602712,0.841842836
780,1.0251464,0.931951273,0.94691074,0.860827945,0.92452997,0.840481791
781,1.0251071,0.931915545,0.94574237,0.859765791,0.92319953,0.8392723
782,1.0248629,0.931693545,0.9444296999999998,0.858572455,0.92173481,0.837940736
783,1.0246252,0.931477455,0.94323337,0.8574848820000001,0.92033869,0.836671536
784,1.0243042,0.9311856359999999,0.94194788,0.856316255,0.91864973,0.835136118
785,1.0241876,0.931079636,0.94062203,0.855110936,0.91752118,0.834110164
786,1.023957,0.9308700000000001,0.9393847,0.8539860909999999,0.91611481,0.832831645
787,1.0237591000000001,0.9306900909999999,0.93807089,0.852791718,0.91477287,0.8316117000000001
788,1.0234905,0.930445909,0.93675065,0.8515915000000001,0.91335917,0.830326518
789,1.0234656,0.9304232729999999,0.93547213,0.8504292090000001,0.91184074,0.828946127
790,1.0231889,0.9301717270000001,0.93414712,0.849224655,0.91040212,0.827638291
791,1.0230280999999999,0.930025545,0.93274087,0.847946245,0.90907627,0.826432973
792,1.0227653,0.9297866359999999,0.93146044,0.846782218,0.90745121,0.824955645
793,1.0226495999999998,0.929681455,0.92999721,0.8454520090000001,0.90610045,0.823727682
794,1.0223674,0.9294249090000001,0.92865157,0.8442287,0.90473568,0.822486982
795,1.0221446,0.929222364,0.92730415,0.843003773,0.90330935,0.821190318
796,1.0218274999999999,0.9289340909999999,0.92585629,0.8416875359999999,0.90182924,0.8198447640000001
797,1.0216631,0.9287846359999999,0.92445552,0.840414109,0.90048206,0.818620055
798,1.0214546999999998,0.928595182,0.92306811,0.839152827,0.89917713,0.817433755
799,1.0211993000000001,0.9283629999999999,0.92170757,0.837915973,0.89778453,0.816167755
800,1.0210019000000001,0.928183545,0.92040575,0.8367325000000001,0.89645588,0.814959891
801,1.0207064000000001,0.9279149090000001,0.91889095,0.835355409,0.89505988,0.8136908
802,1.0205706,0.927791455,0.91752774,0.834116127,0.89355195,0.812319955
803,1.020254,0.927503636,0.9160461999999999,0.8327692729999999,0.8921603000000001,0.811054818
804,1.0200228999999998,0.927293545,0.91469496,0.831540873,0.89086163,0.8098742090000001
805,1.0197935,0.927085,0.91319156,0.830174145,0.88951796,0.8086526909999999
806,1.0195450000000001,0.926859091,0.91168153,0.8288013909999999,0.8880946,0.807358727
807,1.0192491,0.9265900909999999,0.91017497,0.827431791,0.88680047,0.806182245
808,1.0191473,0.926497545,0.9087562,0.826142,0.88540667,0.804915155
809,1.0188686,0.926244182,0.90731442,0.824831291,0.88407224,0.8037020359999999
810,1.0186269000000001,0.926024455,0.90583241,0.8234840090000001,0.88260895,0.802371773
811,1.018404,0.925821818,0.90432686,0.822115327,0.88147181,0.8013380090000001
812,1.0182065999999999,0.9256423640000001,0.90302467,0.820931518,0.88059181,0.800538009
813,1.0179274999999999,0.925388636,0.90156364,0.8196033090000001,,
814,1.0178200000000002,0.9252909090000001,0.90011066,0.818282418,,
815,1.0175636000000001,0.925057818,0.89864147,0.8169467909999999,,
816,1.0173444999999999,0.924858636,0.89716119,0.815601082,,
817,1.0171059,0.924641727,0.89561808,0.814198255,,
818,1.0170774,0.9246158179999999,0.89421833,0.812925755,,
819,1.0168679,0.9244253640000001,0.89275819,0.811598355,,
820,1.016445,0.924040909,0.89119232,0.810174836,,
821,1.0162164,0.923833091,0.88967907,0.808799155,,
822,1.0158914,0.9235376359999999,0.88821375,0.807467045,,
823,1.0155197,0.9231997270000001,0.88673639,0.806123991,,
824,1.0153259,0.923023545,0.88522935,0.804753955,,
825,1.0150826,0.922802364,0.88365865,0.803326045,,
826,1.0147932,0.9225392729999999,0.88224238,0.802038527,,
827,1.0146209000000002,0.9223826359999999,0.88094097,0.800855427,,
828,1.0142919,0.922083545,,,,
829,1.0140908000000002,0.921900727,,,,
830,1.0137094000000002,0.9215540000000001,,,,
831,1.0134132,0.9212847270000001,,,,
832,1.0131991,0.9210900909999999,,,,
833,1.012894,0.920812727,,,,
834,1.0125091,0.920462818,,,,
835,1.0122746999999999,0.9202497270000001,,,,
836,1.0119479,0.919952636,,,,
837,1.0116234,0.919657636,,,,
838,1.011192,0.919265455,,,,
839,1.0109447,0.919040636,,,,
840,1.0107111999999998,0.918828364,,,,
841,1.0104623,0.9186020909999999,,,,
842,1.0101424,0.9183112729999999,,,,
843,1.0098745999999998,0.9180678179999999,,,,
844,1.0095958,0.917814364,,,,
845,1.0092275,0.917479545,,,,
846,1.0089896,0.917263273,,,,
847,1.0086331,0.916939182,,,,
848,1.0084838,0.916803455,,,,
849,1.0081513,0.9165011820000001,,,,
850,1.0077798,0.916163455,,,,
851,1.0074654,0.9158776359999999,,,,
852,1.007032,0.9154836359999999,,,,
853,1.0067911,0.915264636,,,,
854,1.0064002,0.914909273,,,,
855,1.0059927,0.9145388179999999,,,,
856,1.0056101,0.914191,,,,
857,1.0052254999999999,0.913841364,,,,
858,1.0049634,0.9136030909999999,,,,
859,1.0044612,0.913146545,,,,
860,1.0043126,0.913011455,,,,
861,1.003774,0.912521818,,,,
862,1.0033988,0.9121807270000001,,,,
863,1.003016,0.9118327270000001,,,,
864,1.0027052,0.911550182,,,,
865,1.0024256999999999,0.911296091,,,,
866,1.0019834,0.9108940000000001,,,,
867,1.0015318000000002,0.910483455,,,,
868,1.0012089,0.9101899090000001,,,,
869,1.0007118,0.9097379999999999,,,,
870,1.0003517,0.9094106359999999,,,,
871,1.0001001,0.9091819090000001,,,,
872,0.9996199,0.908745364,,,,
873,0.99923152,0.908392291,,,,
874,0.99875301,0.907957282,,,,
875,0.99842793,0.907661755,,,,
876,0.99783659,0.9071241729999999,,,,
877,0.9973678,0.906698,,,,
878,0.99711883,0.906471664,,,,
879,0.9965688,0.905971636,,,,
880,0.99598014,0.9054364909999999,,,,
881,0.99544185,0.904947136,,,,
882,0.99508399,0.9046218090000001,,,,
883,0.99468803,0.904261845,,,,
884,0.99426198,0.903874527,,,,
885,0.99384338,0.9034939820000001,,,,
886,0.99333286,0.9030298729999999,,,,
887,0.99278986,0.902536236,,,,
888,0.99235648,0.902142255,,,,
889,0.99184602,0.9016781999999999,,,,
890,0.99131608,0.901196436,,,,
891,0.99077553,0.900705027,,,,
892,0.99027324,0.9002484000000001,,,,
893,0.98974383,0.899767118,,,,
894,0.98932624,0.8993874909999999,,,,
895,0.98871034,0.898827582,,,,
896,0.98826975,0.898427045,,,,
897,0.98764849,0.897862264,,,,
898,0.98715609,0.8974146270000001,,,,
899,0.98664683,0.896951664,,,,
900,0.98588985,0.8962635,,,,
901,0.98534077,0.8957643359999999,,,,
902,0.98476034,0.895236673,,,,
903,0.98411685,0.894651682,,,,
904,0.98356098,0.894146345,,,,
905,0.98311263,0.893738755,,,,
906,0.98244119,0.893128355,,,,
907,0.98193735,0.892670318,,,,
908,0.98127759,0.892070536,,,,
909,0.9805792,0.891435636,,,,
910,0.97993267,0.890847882,,,,
911,0.97934437,0.8903130640000001,,,,
912,0.97865534,0.8896866729999999,,,,
913,0.97792238,0.889020345,,,,
914,0.97718018,0.888345618,,,,
915,0.97672439,0.8879312640000001,,,,
916,0.97602981,0.887299827,,,,
917,0.97537613,0.886705573,,,,
918,0.97476143,0.886146755,,,,
919,0.97409743,0.885543118,,,,
920,0.97330225,0.8848202270000001,,,,
921,0.97252542,0.884114018,,,,
922,0.97174543,0.8834049359999999,,,,
923,0.9711917,0.882901545,,,,
924,0.97064728,0.882406618,,,,
925,0.96970391,0.8815490090000001,,,,
926,0.9688409,0.880764455,,,,
927,0.96816111,0.8801464640000001,,,,
928,0.96746349,0.879512264,,,,
929,0.96650743,0.878643118,,,,
930,0.96567416,0.8778855999999999,,,,
931,0.96480513,0.877095573,,,,
932,0.96403223,0.8763929359999999,,,,
933,0.96302962,0.875481473,,,,
934,0.96236318,0.874875618,,,,
935,0.96143413,0.874031027,,,,
936,0.96066403,0.8733309359999999,,,,
937,0.95964152,0.8724013820000001,,,,
938,0.95895934,0.871781218,,,,
939,0.95795161,0.8708651,,,,
940,0.95701998,0.8700181640000001,,,,
941,0.95615852,0.8692350179999999,,,,
942,0.95514137,0.868310336,,,,
943,0.95428163,0.867528755,,,,
944,0.95342201,0.8667472820000001,,,,
945,0.9523226,0.865747818,,,,
946,0.95138657,0.864896882,,,,
947,0.95029175,0.863901591,,,,
948,0.94930762,0.863006927,,,,
949,0.94838375,0.862167045,,,,
950,0.94720596,0.861096327,,,,
951,0.94634801,0.860316373,,,,
952,0.94529569,0.859359718,,,,
953,0.94416535,0.8583321359999999,,,,
954,0.94308621,0.8573511,,,,
955,0.94207168,0.8564288000000001,,,,
956,0.94098407,0.8554400640000001,,,,
957,0.93977422,0.8543402,,,,
958,0.93884343,0.853494027,,,,
959,0.93752587,0.852296245,,,,
960,0.93644273,0.8513115729999999,,,,
961,0.93536901,0.850335464,,,,
962,0.93416291,0.849239009,,,,
963,0.93306494,0.848240855,,,,
964,0.93191707,0.8471973359999999,,,,
965,0.93084073,0.846218845,,,,
966,0.92965037,0.8451367000000001,,,,
967,0.92860329,0.844184809,,,,
968,0.92739213,0.843083755,,,,
969,0.92633891,0.8421262820000001,,,,
970,0.92527843,0.841162209,,,,
971,0.92402869,0.8400260820000001,,,,
972,0.92286485,0.838968045,,,,
973,0.92157668,0.8377969820000001,,,,
974,0.92047614,0.836796491,,,,
975,0.91929853,0.8357259359999999,,,,
976,0.91811734,0.834652127,,,,
977,0.91698068,0.8336188,,,,
978,0.91579753,0.832543209,,,,
979,0.91466045,0.8315094999999999,,,,
980,0.91348892,0.830444473,,,,
981,0.91232628,0.8293875270000001,,,,
982,0.91109151,0.8282650090000001,,,,
983,0.9099200999999999,0.8272000909999999,,,,
984,0.90874416,0.826131055,,,,
985,0.90747499,0.824977264,,,,
986,0.90634966,0.823954236,,,,
987,0.90527296,0.822975418,,,,
988,0.90388405,0.821712773,,,,
989,0.90276402,0.8206945640000001,,,,
990,0.9016059000000001,0.819641727,,,,
991,0.90037286,0.818520782,,,,
992,0.89931619,0.817560173,,,,
993,0.89808768,0.816443345,,,,
994,0.89694124,0.815401127,,,,
995,0.89568555,0.8142595909999999,,,,
996,0.89449894,0.813180855,,,,
997,0.89333624,0.812123855,,,,
998,0.89213598,0.811032709,,,,
999,0.89085305,0.8098664090000001,,,,
1000,0.88959455,0.8087223179999999,,,,
1001,0.88851303,0.807739118,,,,
1002,0.88729167,0.806628791,,,,
1003,0.88617229,0.805611173,,,,
1004,0.88497472,0.804522473,,,,
1005,0.88376838,0.8034258000000001,,,,
1006,0.88247329,0.802248445,,,,
1007,0.8812837,0.801167,,,,
1008,0.8804329,0.800393545,,,,
1009,,,,,,
1010,,,,,,
1011,,,,,,
1012,,,,,,
1013,,,,,,
1014,,,,,,
1015,,,,,,
1016,,,,,,
1017,,,,,,
1018,,,,,,
1019,,,,,,
1020,,,,,,
1021,,,,,,
1022,,,,,,
1023,,,,,,
1024,,,,,,
1025,,,,,,
1026,,,,,,
1027,,,,,,
1028,,,,,,
1029,,,,,,
1030,,,,,,
1031,,,,,,
1032,,,,,,
1033,,,,,,
1034,,,,,,
1035,,,,,,
1036,,,,,,
1037,,,,,,
1038,,,,,,
1039,,,,,,
1040,,,,,,
1041,,,,,,
1042,,,,,,
1043,,,,,,
1044,,,,,,
1045,,,,,,
1046,,,,,,
1047,,,,,,
1048,,,,,,
1049,,,,,,
1050,,,,,,
1051,,,,,,
1052,,,,,,
1053,,,,,,
1054,,,,,,
1055,,,,,,
1056,,,,,,
1057,,,,,,
1058,,,,,,
1059,,,,,,
1060,,,,,,
1061,,,,,,
1062,,,,,,
1063,,,,,,
1064,,,,,,
1065,,,,,,
1066,,,,,,
1067,,,,,,
1068,,,,,,
1069,,,,,,
1070,,,,,,
1071,,,,,,
1072,,,,,,
1073,,,,,,
1074,,,,,,
1075,,,,,,
1076,,,,,,
1077,,,,,,
1078,,,,,,
1079,,,,,,
1080,,,,,,
1081,,,,,,
1082,,,,,,
1083,,,,,,
1084,,,,,,
1085,,,,,,
1086,,,,,,
1087,,,,,,
1088,,,,,,
1089,,,,,,
1090,,,,,,
1091,,,,,,
1092,,,,,,
1093,,,,,,
1094,,,,,,
1095,,,,,,
1096,,,,,,
1097,,,,,,
1098,,,,,,
1099,,,,,,
1100,,,,,,
1101,,,,,,
1102,,,,,,
1103,,,,,,
1104,,,,,,
1105,,,,,,
1106,,,,,,
1107,,,,,,
1108,,,,,,
1109,,,,,,
1110,,,,,,
1111,,,,,,
1112,,,,,,
1113,,,,,,
1114,,,,,,
1115,,,,,,
1116,,,,,,
1117,,,,,,
1118,,,,,,
1119,,,,,,
1120,,,,,,
1121,,,,,,
1122,,,,,,
1123,,,,,,
1124,,,,,,
1125,,,,,,
1126,,,,,,
1127,,,,,,
1128,,,,,,
1129,,,,,,
1130,,,,,,
1131,,,,,,
1132,,,,,,
1133,,,,,,
1134,,,,,,
1135,,,,,,
1136,,,,,,
1137,,,,,,
1138,,,,,,
1139,,,,,,
1140,,,,,,
1141,,,,,,
1142,,,,,,
1143,,,,,,
1144,,,,,,
1145,,,,,,
1146,,,,,,
1147,,,,,,
1148,,,,,,
1149,,,,,,
1150,,,,,,
1151,,,,,,
1152,,,,,,
1153,,,,,,
1154,,,,,,
1155,,,,,,
1156,,,,,,
1157,,,,,,
1158,,,,,,
1159,,,,,,
1160,,,,,,
1161,,,,,,
1162,,,,,,
1163,,,,,,
1164,,,,,,
1165,,,,,,
1166,,,,,,
1167,,,,,,
1168,,,,,,
1169,,,,,,
1170,,,,,,
1171,,,,,,
1172,,,,,,
1173,,,,,,
1174,,,,,,
1175,,,,,,
1176,,,,,,
1177,,,,,,
1178,,,,,,
1179,,,,,,
1180,,,,,,
1181,,,,,,
1182,,,,,,
1183,,,,,,
1184,,,,,,
1185,,,,,,
1186,,,,,,
1187,,,,,,
1188,,,,,,
1189,,,,,,
1190,,,,,,
1191,,,,,,
1192,,,,,,
1193,,,,,,
1194,,,,,,
1195,,,,,,
1196,,,,,,
1197,,,,,,
1198,,,,,,
1199,,,,,,
1200,,,,,,
1201,,,,,,
1202,,,,,,
1203,,,,,,
1204,,,,,,
1205,,,,,,
1206,,,,,,
1207,,,,,,
1208,,,,,,
1209,,,,,,
1210,,,,,,
1211,,,,,,
1212,,,,,,
1213,,,,,,
1214,,,,,,
1215,,,,,,
1216,,,,,,
1217,,,,,,
1218,,,,,,
1219,,,,,,
1220,,,,,,
1221,,,,,,
1222,,,,,,
1223,,,,,,
1224,,,,,,
1225,,,,,,
1226,,,,,,
1227,,,,,,
1228,,,,,,
1229,,,,,,
1230,,,,,,
1231,,,,,,
1232,,,,,,
1233,,,,,,
1234,,,,,,
1235,,,,,,
1236,,,,,,
1237,,,,,,
1238,,,,,,
1239,,,,,,
1240,,,,,,
1241,,,,,,
1242,,,,,,
1243,,,,,,
1244,,,,,,
1245,,,,,,
1246,,,,,,
1247,,,,,,
1248,,,,,,
1249,,,,,,
1250,,,,,,
1251,,,,,,
1252,,,,,,
1253,,,,,,
1254,,,,,,
1255,,,,,,
1256,,,,,,
1257,,,,,,
1258,,,,,,
1259,,,,,,
1260,,,,,,
1261,,,,,,
1262,,,,,,
1263,,,,,,
1264,,,,,,
1265,,,,,,
1266,,,,,,
1267,,,,,,
1268,,,,,,
1269,,,,,,
1270,,,,,,
1271,,,,,,
1272,,,,,,
1273,,,,,,
1274,,,,,,
1275,,,,,,
1276,,,,,,
1277,,,,,,
1278,,,,,,
1279,,,,,,
1280,,,,,,
1281,,,,,,
1282,,,,,,
1283,,,,,,
1284,,,,,,
1285,,,,,,
1286,,,,,,
1287,,,,,,
1288,,,,,,
1289,,,,,,
1290,,,,,,
1291,,,,,,
1292,,,,,,
1293,,,,,,
1294,,,,,,
1295,,,,,,
1296,,,,,,
1297,,,,,,
1298,,,,,,
1299,,,,,,
1300,,,,,,
1301,,,,,,
1302,,,,,,
1303,,,,,,
1304,,,,,,
1305,,,,,,
1306,,,,,,
1307,,,,,,
1308,,,,,,
1309,,,,,,
1310,,,,,,
1311,,,,,,
1312,,,,,,
1313,,,,,,
1314,,,,,,
1315,,,,,,
1316,,,,,,
1317,,,,,,
1318,,,,,,
1319,,,,,,
1320,,,,,,
1321,,,,,,
1322,,,,,,
1323,,,,,,
1324,,,,,,
1325,,,,,,
1326,,,,,,
1327,,,,,,
1328,,,,,,
1329,,,,,,
1330,,,,,,
1331,,,,,,
1332,,,,,,
1333,,,,,,
1334,,,,,,
1335,,,,,,
1336,,,,,,
1337,,,,,,
1338,,,,,,
1339,,,,,,
1340,,,,,,
1341,,,,,,
1342,,,,,,
1343,,,,,,
1344,,,,,,
1345,,,,,,
1346,,,,,,
1347,,,,,,
1348,,,,,,
1349,,,,,,
1350,,,,,,
1351,,,,,,
1352,,,,,,
1353,,,,,,
1354,,,,,,
1355,,,,,,
1356,,,,,,
1357,,,,,,
1358,,,,,,
1359,,,,,,
1360,,,,,,
1361,,,,,,
1362,,,,,,
1363,,,,,,
1364,,,,,,
1365,,,,,,
1366,,,,,,
1367,,,,,,
1368,,,,,,
1369,,,,,,
1370,,,,,,
1371,,,,,,
1372,,,,,,
1373,,,,,,
1374,,,,,,
1375,,,,,,
1376,,,,,,
1377,,,,,,
1378,,,,,,
1379,,,,,,
1380,,,,,,
1381,,,,,,
1382,,,,,,
1383,,,,,,
1384,,,,,,
1385,,,,,,
1386,,,,,,
1387,,,,,,
1388,,,,,,
1389,,,,,,
1390,,,,,,
1391,,,,,,
1392,,,,,,
1393,,,,,,
1394,,,,,,
1395,,,,,,
1396,,,,,,
1397,,,,,,
1398,,,,,,
1399,,,,,,
1400,,,,,,
1401,,,,,,
1402,,,,,,
1403,,,,,,
1404,,,,,,
1405,,,,,,
1406,,,,,,
1407,,,,,,
1408,,,,,,
1409,,,,,,
1410,,,,,,
1411,,,,,,
1412,,,,,,
1413,,,,,,
1414,,,,,,
1415,,,,,,
1416,,,,,,
1417,,,,,,
1418,,,,,,
1419,,,,,,
1420,,,,,,
1421,,,,,,
1422,,,,,,
1423,,,,,,
1424,,,,,,
1425,,,,,,
1426,,,,,,
1427,,,,,,
1428,,,,,,
1429,,,,,,
1430,,,,,,
1431,,,,,,
1432,,,,,,
1433,,,,,,
1434,,,,,,
1435,,,,,,
1436,,,,,,
1437,,,,,,
1438,,,,,,
1439,,,,,,
1440,,,,,,
1441,,,,,,
1442,,,,,,
1443,,,,,,
1444,,,,,,
1445,,,,,,
1446,,,,,,
1447,,,,,,
1448,,,,,,
1449,,,,,,
1450,,,,,,
1451,,,,,,
1452,,,,,,
1453,,,,,,
1454,,,,,,
1455,,,,,,
1456,,,,,,
1457,,,,,,
1458,,,,,,
1459,,,,,,
1460,,,,,,
1461,,,,,,
1462,,,,,,
1463,,,,,,
1464,,,,,,
1465,,,,,,
1466,,,,,,
1467,,,,,,
1468,,,,,,
1469,,,,,,
1470,,,,,,
1471,,,,,,
1472,,,,,,
1473,,,,,,
1474,,,,,,
1475,,,,,,
1476,,,,,,
1477,,,,,,
1478,,,,,,
1479,,,,,,
1480,,,,,,
1481,,,,,,
1482,,,,,,
1483,,,,,,
1484,,,,,,
1485,,,,,,
1486,,,,,,
1487,,,,,,
1488,,,,,,
1489,,,,,,
1490,,,,,,
1491,,,,,,
1492,,,,,,
1493,,,,,,
1494,,,,,,
1495,,,,,,
1496,,,,,,
1497,,,,,,
1498,,,,,,
1499,,,,,,
1500,,,,,,
1501,,,,,,
1502,,,,,,
1503,,,,,,
1504,,,,,,
1505,,,,,,
1506,,,,,,
1507,,,,,,
1508,,,,,,
1509,,,,,,
1510,,,,,,
1511,,,,,,
1512,,,,,,
1513,,,,,,
1514,,,,,,
1515,,,,,,
1516,,,,,,
1517,,,,,,
1518,,,,,,
1519,,,,,,
1520,,,,,,
1521,,,,,,
1522,,,,,,
1523,,,,,,
1524,,,,,,
1525,,,,,,
1526,,,,,,
1527,,,,,,
1528,,,,,,
1529,,,,,,
1530,,,,,,
1531,,,,,,
1532,,,,,,
1533,,,,,,
1534,,,,,,
1535,,,,,,
1536,,,,,,
1537,,,,,,
1538,,,,,,
1539,,,,,,
1540,,,,,,
1541,,,,,,
1542,,,,,,
1543,,,,,,
1544,,,,,,
1545,,,,,,
1546,,,,,,
1547,,,,,,
1548,,,,,,
1549,,,,,,
1550,,,,,,
1551,,,,,,
1552,,,,,,
1553,,,,,,
1554,,,,,,
1555,,,,,,
1556,,,,,,
1557,,,,,,
1558,,,,,,
1559,,,,,,
1560,,,,,,
1561,,,,,,
1562,,,,,,
1563,,,,,,
1564,,,,,,
1565,,,,,,
1566,,,,,,
1567,,,,,,
1568,,,,,,
1569,,,,,,
1570,,,,,,
1571,,,,,,
1572,,,,,,
1573,,,,,,
1574,,,,,,
1575,,,,,,
1576,,,,,,
1577,,,,,,
1578,,,,,,
1579,,,,,,
1580,,,,,,
1581,,,,,,
1582,,,,,,
1583,,,,,,
1584,,,,,,
1585,,,,,,
1586,,,,,,
1587,,,,,,
1588,,,,,,
1589,,,,,,
1590,,,,,,
1591,,,,,,
1592,,,,,,
1593,,,,,,
1594,,,,,,
1595,,,,,,
1596,,,,,,
1597,,,,,,
1598,,,,,,
1599,,,,,,
1600,,,,,,
1601,,,,,,
1602,,,,,,
1603,,,,,,
1604,,,,,,
1605,,,,,,
1606,,,,,,
1607,,,,,,
1608,,,,,,
1609,,,,,,
1610,,,,,,
1611,,,,,,
1612,,,,,,
1613,,,,,,
1614,,,,,,
1615,,,,,,
1616,,,,,,
1617,,,,,,
1618,,,,,,
1619,,,,,,
1620,,,,,,
1621,,,,,,
1622,,,,,,
1623,,,,,,
1624,,,,,,
1625,,,,,,
1626,,,,,,
1627,,,,,,
1628,,,,,,
1629,,,,,,
1630,,,,,,
1631,,,,,,
1632,,,,,,
1633,,,,,,
1634,,,,,,
1635,,,,,,
1636,,,,,,
1637,,,,,,
1638,,,,,,
1639,,,,,,
1640,,,,,,
1641,,,,,,
1642,,,,,,
1643,,,,,,
1644,,,,,,
1645,,,,,,
1646,,,,,,
1647,,,,,,
1648,,,,,,
1649,,,,,,
1650,,,,,,
1651,,,,,,
1652,,,,,,
1653,,,,,,
1654,,,,,,
1655,,,,,,
1656,,,,,,
1657,,,,,,
1658,,,,,,
1659,,,,,,
1660,,,,,,
1661,,,,,,
1662,,,,,,
1663,,,,,,
1664,,,,,,
1665,,,,,,
1666,,,,,,
1667,,,,,,
1668,,,,,,
1669,,,,,,
1670,,,,,,
1671,,,,,,
1672,,,,,,
1673,,,,,,
1674,,,,,,
1675,,,,,,
1676,,,,,,
1677,,,,,,
1678,,,,,,
1679,,,,,,
1680,,,,,,
1681,,,,,,
1682,,,,,,
1683,,,,,,
1684,,,,,,
1685,,,,,,
1686,,,,,,
1687,,,,,,
1688,,,,,,
1689,,,,,,
1690,,,,,,
1691,,,,,,
1692,,,,,,
1693,,,,,,
1694,,,,,,
1695,,,,,,
1696,,,,,,
1697,,,,,,
1698,,,,,,
1699,,,,,,
1700,,,,,,
1701,,,,,,
1702,,,,,,
1703,,,,,,
1704,,,,,,
1705,,,,,,
1706,,,,,,
1707,,,,,,
1708,,,,,,
1709,,,,,,
1710,,,,,,
1711,,,,,,
1712,,,,,,
1713,,,,,,
1714,,,,,,
1715,,,,,,
1716,,,,,,
1717,,,,,,
1718,,,,,,
1719,,,,,,
1720,,,,,,
1721,,,,,,
1722,,,,,,
1723,,,,,,
1724,,,,,,
1725,,,,,,
1726,,,,,,
1727,,,,,,
1728,,,,,,
1729,,,,,,
1730,,,,,,
1731,,,,,,
1732,,,,,,
1733,,,,,,
1734,,,,,,
1735,,,,,,
1736,,,,,,
1737,,,,,,
1738,,,,,,
1739,,,,,,
1740,,,,,,
1741,,,,,,
1742,,,,,,
1743,,,,,,
1744,,,,,,
1745,,,,,,
1746,,,,,,
1747,,,,,,
1748,,,,,,
1749,,,,,,
1750,,,,,,
1751,,,,,,
1752,,,,,,
1753,,,,,,
1754,,,,,,
1755,,,,,,
1756,,,,,,
1757,,,,,,
1758,,,,,,
1759,,,,,,
1760,,,,,,
1761,,,,,,
1762,,,,,,
1763,,,,,,
1764,,,,,,
1765,,,,,,
1766,,,,,,
1767,,,,,,
1768,,,,,,
1769,,,,,,
1770,,,,,,
1771,,,,,,
1772,,,,,,
1773,,,,,,
1774,,,,,,
1775,,,,,,
1776,,,,,,
1777,,,,,,
1778,,,,,,
1779,,,,,,
1780,,,,,,
1781,,,,,,
1782,,,,,,
1783,,,,,,
1784,,,,,,
1785,,,,,,
1786,,,,,,
1787,,,,,,
1788,,,,,,
1789,,,,,,
1790,,,,,,
1791,,,,,,
1792,,,,,,
1793,,,,,,
1794,,,,,,
1795,,,,,,
1796,,,,,,
1797,,,,,,
1798,,,,,,
1799,,,,,,
1800,,,,,,
1801,,,,,,
1802,,,,,,
1803,,,,,,
1804,,,,,,
1805,,,,,,
1806,,,,,,
1807,,,,,,
1808,,,,,,
1809,,,,,,
1810,,,,,,
1811,,,,,,
1812,,,,,,
1813,,,,,,
1814,,,,,,
1815,,,,,,
1816,,,,,,
1817,,,,,,
1818,,,,,,
1819,,,,,,
1820,,,,,,
1821,,,,,,
1822,,,,,,
1823,,,,,,
1824,,,,,,
1825,,,,,,
1826,,,,,,
1827,,,,,,
1828,,,,,,
1829,,,,,,
1830,,,,,,
1831,,,,,,
1832,,,,,,
1833,,,,,,
1834,,,,,,
1835,,,,,,
1836,,,,,,
1837,,,,,,
1838,,,,,,
1839,,,,,,
1840,,,,,,
1841,,,,,,
1842,,,,,,
1843,,,,,,
1844,,,,,,
1845,,,,,,
1846,,,,,,
1847,,,,,,
1848,,,,,,
1849,,,,,,
1850,,,,,,
1851,,,,,,
1852,,,,,,
1853,,,,,,
1854,,,,,,
1855,,,,,,
1856,,,,,,
1857,,,,,,
1858,,,,,,
1859,,,,,,
1860,,,,,,
1861,,,,,,
1862,,,,,,
1863,,,,,,
1864,,,,,,
1865,,,,,,
1866,,,,,,
1867,,,,,,
1868,,,,,,
1869,,,,,,
1870,,,,,,
1871,,,,,,
1872,,,,,,
1873,,,,,,
1874,,,,,,
1875,,,,,,
1876,,,,,,
1877,,,,,,
1878,,,,,,
1879,,,,,,
1880,,,,,,
1881,,,,,,
1882,,,,,,
1883,,,,,,
1884,,,,,,
1885,,,,,,
1886,,,,,,
1887,,,,,,
1888,,,,,,
1889,,,,,,
1890,,,,,,
1891,,,,,,
1892,,,,,,
1893,,,,,,
1894,,,,,,
1895,,,,,,
1896,,,,,,
1897,,,,,,
1898,,,,,,
1899,,,,,,
1900,,,,,,
1901,,,,,,
1902,,,,,,
1903,,,,,,
1904,,,,,,
1905,,,,,,
1906,,,,,,
1907,,,,,,
1908,,,,,,
1909,,,,,,
1910,,,,,,
1911,,,,,,
1912,,,,,,
1913,,,,,,
1914,,,,,,
1915,,,,,,
1916,,,,,,
1917,,,,,,
1918,,,,,,
1919,,,,,,
1920,,,,,,
1921,,,,,,
1922,,,,,,
1923,,,,,,
1924,,,,,,
1925,,,,,,
1926,,,,,,
1927,,,,,,
1928,,,,,,
1929,,,,,,
1930,,,,,,
1931,,,,,,
1932,,,,,,
1933,,,,,,
1934,,,,,,
1935,,,,,,
1936,,,,,,
1937,,,,,,
1938,,,,,,
1939,,,,,,
1940,,,,,,
1941,,,,,,
1942,,,,,,
1943,,,,,,
1944,,,,,,
1945,,,,,,
1946,,,,,,
1947,,,,,,
1948,,,,,,
1949,,,,,,
1950,,,,,,
1951,,,,,,
1952,,,,,,
1953,,,,,,
1954,,,,,,
1955,,,,,,
1956,,,,,,
1957,,,,,,
1958,,,,,,
1959,,,,,,
1960,,,,,,
1961,,,,,,
1962,,,,,,
1963,,,,,,
1964,,,,,,
1965,,,,,,
1966,,,,,,
1967,,,,,,
1968,,,,,,
1969,,,,,,
1970,,,,,,
1971,,,,,,
1972,,,,,,
1973,,,,,,
1974,,,,,,
1975,,,,,,
1976,,,,,,
1977,,,,,,
1978,,,,,,
1979,,,,,,
1980,,,,,,
1981,,,,,,
1982,,,,,,
1983,,,,,,
1984,,,,,,
1985,,,,,,
1986,,,,,,
1987,,,,,,
1988,,,,,,
1989,,,,,,
1990,,,,,,
1991,,,,,,
1992,,,,,,
1993,,,,,,
1994,,,,,,
1995,,,,,,
1996,,,,,,
1997,,,,,,
1998,,,,,,
1999,,,,,,
2000,,,,,,
2001,,,,,,
2002,,,,,,
2003,,,,,,
2004,,,,,,
2005,,,,,,
2006,,,,,,
2007,,,,,,
2008,,,,,,
2009,,,,,,
2010,,,,,,
2011,,,,,,
2012,,,,,,
2013,,,,,,
2014,,,,,,
2015,,,,,,
2016,,,,,,
2017,,,,,,
2018,,,,,,
2019,,,,,,
2020,,,,,,
2021,,,,,,
2022,,,,,,
2023,,,,,,
2024,,,,,,
2025,,,,,,
2026,,,,,,
2027,,,,,,
2028,,,,,,
2029,,,,,,
2030,,,,,,
2031,,,,,,
2032,,,,,,
2033,,,,,,
2034,,,,,,
2035,,,,,,
2036,,,,,,
2037,,,,,,
2038,,,,,,
2039,,,,,,
2040,,,,,,
2041,,,,,,
2042,,,,,,
2043,,,,,,
2044,,,,,,
2045,,,,,,
2046,,,,,,
2047,,,,,,
2048,,,,,,
2049,,,,,,
2050,,,,,,
2051,,,,,,
2052,,,,,,
2053,,,,,,
2054,,,,,,
2055,,,,,,
2056,,,,,,
2057,,,,,,
2058,,,,,,
2059,,,,,,
2060,,,,,,
2061,,,,,,
2062,,,,,,
2063,,,,,,
2064,,,,,,
2065,,,,,,
2066,,,,,,
2067,,,,,,
2068,,,,,,
2069,,,,,,
2070,,,,,,
2071,,,,,,
2072,,,,,,
2073,,,,,,
2074,,,,,,
2075,,,,,,
2076,,,,,,
2077,,,,,,
2078,,,,,,
2079,,,,,,
2080,,,,,,
2081,,,,,,
2082,,,,,,
2083,,,,,,
2084,,,,,,
2085,,,,,,
2086,,,,,,
2087,,,,,,
2088,,,,,,
2089,,,,,,
2090,,,,,,
2091,,,,,,
2092,,,,,,
2093,,,,,,
2094,,,,,,
2095,,,,,,
2096,,,,,,
2097,,,,,,
2098,,,,,,
2099,,,,,,
2100,,,,,,
2101,,,,,,
2102,,,,,,
2103,,,,,,
2104,,,,,,
2105,,,,,,
2106,,,,,,
2107,,,,,,
2108,,,,,,
2109,,,,,,
2110,,,,,,
2111,,,,,,
2112,,,,,,
2113,,,,,,
2114,,,,,,
2115,,,,,,
2116,,,,,,
2117,,,,,,
2118,,,,,,
2119,,,,,,
2120,,,,,,
2121,,,,,,
2122,,,,,,
2123,,,,,,
2124,,,,,,
2125,,,,,,
2126,,,,,,
2127,,,,,,
2128,,,,,,
2129,,,,,,
2130,,,,,,
2131,,,,,,
2132,,,,,,
2133,,,,,,
2134,,,,,,
2135,,,,,,
2136,,,,,,
2137,,,,,,
2138,,,,,,
2139,,,,,,
2140,,,,,,
2141,,,,,,
2142,,,,,,
2143,,,,,,
2144,,,,,,
2145,,,,,,
2146,,,,,,
2147,,,,,,
2148,,,,,,
2149,,,,,,
2150,,,,,,
2151,,,,,,
2152,,,,,,
2153,,,,,,
2154,,,,,,
2155,,,,,,
2156,,,,,,
2157,,,,,,
2158,,,,,,
2159,,,,,,
2160,,,,,,
2161,,,,,,
2162,,,,,,
2163,,,,,,
2164,,,,,,
2165,,,,,,
2166,,,,,,
2167,,,,,,
2168,,,,,,
2169,,,,,,
2170,,,,,,
2171,,,,,,
2172,,,,,,
2173,,,,,,
2174,,,,,,
2175,,,,,,
2176,,,,,,
2177,,,,,,
2178,,,,,,
2179,,,,,,
2180,,,,,,
2181,,,,,,
2182,,,,,,
2183,,,,,,
2184,,,,,,
2185,,,,,,
2186,,,,,,
2187,,,,,,
2188,,,,,,
2189,,,,,,
2190,,,,,,
2191,,,,,,
2192,,,,,,
2193,,,,,,
2194,,,,,,
2195,,,,,,
2196,,,,,,
2197,,,,,,
2198,,,,,,
2199,,,,,,
2200,,,,,,
2201,,,,,,
2202,,,,,,
2203,,,,,,
2204,,,,,,
2205,,,,,,
2206,,,,,,
2207,,,,,,
2208,,,,,,
2209,,,,,,
2210,,,,,,
2211,,,,,,
2212,,,,,,
2213,,,,,,
2214,,,,,,
2215,,,,,,
2216,,,,,,
2217,,,,,,
2218,,,,,,
2219,,,,,,
2220,,,,,,
2221,,,,,,
2222,,,,,,
2223,,,,,,
2224,,,,,,
2225,,,,,,
2226,,,,,,
2227,,,,,,
2228,,,,,,
2229,,,,,,
2230,,,,,,
2231,,,,,,
2232,,,,,,
2233,,,,,,
2234,,,,,,
2235,,,,,,
